Date,passengers,trend,weekly_seasonal,residual
2019-01-01,2201765.0,2351465.9932044414,-154829.22345788777,5128.2302534463815
2019-01-02,2424225.0,2310305.794598222,109732.05150341058,4187.153898367658
2019-01-03,2279384.0,2269452.6737869913,5381.542370464292,4549.783842544537
2019-01-04,2230078.0,2228950.418098892,8045.338044243562,-6917.756143135484
2019-01-05,2049460.0,2188836.5655019656,-140039.2049486193,662.6394466538914
2019-01-06,2299648.0,2149166.039531987,161099.24011385493,-10617.279645842034
2019-01-07,2119879.0,2109998.6477591414,22666.200103167626,-12785.847862308845
2019-01-08,1805496.0,2071576.8072832758,-178114.2337521862,-87966.57353108958
2019-01-09,1811152.0,2039793.517511791,58746.80203568767,-287388.3195474788
2019-01-10,2029644.0,2008809.8680735154,51350.03683179148,-30515.904905306874
2019-01-11,2046974.0,1977940.4274346242,81946.46286507635,-12912.890299700433
2019-01-12,1671503.0,1939760.5513417795,-164916.03888158116,-103341.51246019825
2019-01-13,2042237.0,1924527.9324174123,117063.6298999615,645.4376826263033
2019-01-14,1959989.0,1914557.5550664875,42905.96456408112,2525.4803694314323
2019-01-15,1674596.0,1904459.1422148452,-197723.59952848492,-32139.54268636019
2019-01-16,1856214.0,1893542.6097004355,10442.791124306172,-47771.40082474169
2019-01-17,2217324.0,1883802.0199043471,95860.41248544672,237661.56761020608
2019-01-18,2350565.0,1870021.490988161,153736.42423925284,326807.08477258636
2019-01-19,1665747.0,1871858.9426859184,-188470.84619851728,-17641.096487401053
2019-01-20,1845674.0,1871084.386797862,73246.03274712995,-98656.4195449918
2019-01-21,2254626.0,1871648.014735724,62822.91436787774,320155.07089639804
2019-01-22,1877634.0,1880686.6781657164,-223933.17753810633,220880.49937238987
2019-01-23,1837029.0,1880730.1602557912,-40293.92189137112,-3407.2383644201327
2019-01-24,2067422.0,1879068.565978182,141531.51357907482,46821.92044274323
2019-01-25,2131407.0,1876595.7022935755,226065.03755338013,28746.260153044248
2019-01-26,1637770.0,1873196.4116036345,-217253.94537041732,-18172.466233217157
2019-01-27,2084603.0,1869408.8850029008,23492.320983274745,191701.7940138243
2019-01-28,1938084.0,1868229.3544521579,74868.52829092329,-5013.882743081078
2019-01-29,1605701.0,1867613.3931322433,-219690.14932557696,-42222.24380666623
2019-01-30,1664554.0,1867447.18816345,-61125.883307720185,-141767.30485572992
2019-01-31,2014515.0,1869997.9737110499,178781.21585643673,-34264.18956748652
2019-02-01,2155740.0,1879003.765440983,267539.67682296043,9196.557736056624
2019-02-02,1658417.0,1884277.9058593286,-233168.48370988556,7307.577850556932
2019-02-03,1861198.0,1894414.0247741656,-31524.40268290846,-1691.6220912572462
2019-02-04,2079030.0,1905607.0974635559,81990.3939951531,91432.50854129111
2019-02-05,1725457.0,1917089.885295183,-190892.55549161596,-740.329803566914
2019-02-06,1828932.0,1927251.0907481657,-77662.53887699505,-20656.551871170755
2019-02-07,2140678.0,1940411.9342803033,184571.75922913547,15694.306490561226
2019-02-08,2214249.0,1957514.1115274346,266783.9679882464,-10049.079515680904
2019-02-09,1715486.0,1991342.4850179052,-236418.95646622774,-39437.528551677475
2019-02-10,2179046.0,2016820.5269724054,-2481.8815337141564,164707.35456130863
2019-02-11,2133170.0,2041415.4723691228,81387.50898915867,10367.018641718663
2019-02-12,1695994.0,2064137.0744219455,-217527.92444634257,-150615.14997560298
2019-02-13,2030560.0,2086817.7306461108,-91622.80158827713,35365.070942166494
2019-02-14,2306090.0,2106756.727032072,193731.65773342637,5601.61523450166
2019-02-15,2444760.0,2118599.8342196275,260000.5163104518,66159.64946992043
2019-02-16,1923760.0,2127912.1572756516,-240963.4626683563,36811.305392704904
2019-02-17,2150695.0,2134539.268859403,33894.66682868034,-17738.935688083526
2019-02-18,2477521.0,2139586.151013699,75447.31209367135,262487.5368926297
2019-02-19,2178494.0,2144170.302398285,-227458.6858891289,261782.38349084416
2019-02-20,2023523.0,2148492.4131097677,-96401.55847891982,-28567.854630847927
2019-02-21,2353953.0,2158728.909894859,189193.39284769833,6030.6972574428655
2019-02-22,2416293.0,2164973.2099606413,253995.78467965874,-2675.9946403000504
2019-02-23,1917781.0,2171028.2855314948,-230483.80442214472,-22763.48110934999
2019-02-24,2274850.0,2175826.506634016,70495.01919057344,28528.474175410345
2019-02-25,2240859.0,2179876.733274987,59845.236806831446,1137.02991818171
2019-02-26,1937469.0,2184225.4026206457,-247872.91314720377,1116.5105265579186
2019-02-27,2090089.0,2188033.754806144,-102862.7024425496,4917.947636405472
2019-02-28,2381453.0,2192419.1004476477,170350.19108600842,18683.708466344047
2019-03-01,2431311.0,2197831.0892676422,247499.40964964798,-14019.49891729001
2019-03-02,1954068.0,2204510.75653168,-207671.4089056096,-42771.34762607049
2019-03-03,2302852.0,2213499.5211598864,104609.79688531457,-15257.31804520078
2019-03-04,2258980.0,2225297.3235389157,44974.76120444789,-11292.084743363783
2019-03-05,1980296.0,2240314.390927132,-247753.57609253036,-12264.814834601711
2019-03-06,2148953.0,2258189.637380639,-101896.17629488015,-7340.461085759103
2019-03-07,2404944.0,2277835.1069003083,144962.1028290959,-17853.20972940419
2019-03-08,2544987.0,2297721.1466551498,233663.83738383368,13602.015961016528
2019-03-09,2156725.0,2316421.3365175305,-185600.79651007112,25904.459992540535
2019-03-10,2486948.0,2334377.211663268,123603.04449542015,28967.743841311894
2019-03-11,2380467.0,2351676.796820977,40406.93366921807,-11616.730490194634
2019-03-12,2123988.0,2366965.5691837887,-242125.73243774267,-851.8367460458539
2019-03-13,2187792.0,2379712.1869261446,-100617.13767989997,-91303.0492462446
2019-03-14,2505399.0,2390096.846024076,122345.76216832228,-7043.608192398213
2019-03-15,2634942.0,2398873.0545350653,214381.5220487766,21687.423416158184
2019-03-16,2275192.0,2406404.6462468714,-164856.6745059561,33644.02825908456
2019-03-17,2546404.0,2412435.2961481796,140187.53931790157,-6218.8354660812765
2019-03-18,2466739.0,2413026.2942533335,40985.18709211559,12727.518654550891
2019-03-19,2191683.0,2411362.972814273,-237965.33692663108,18285.364112358075
2019-03-20,2320885.0,2408171.332825462,-101522.86353404105,14236.530708579347
2019-03-21,2513231.0,2404041.470372744,115282.6864096584,-6093.156782402191
2019-03-22,2559307.0,2399316.7111394857,200251.49075453798,-40261.20189402392
2019-03-23,2227181.0,2393997.8630196173,-174404.9242075503,7588.061187933199
2019-03-24,2542643.0,2387969.4355009138,155702.9452472066,-1029.3807481206022
2019-03-25,2434370.0,2382233.2976037213,50261.793331693494,1874.909064585343
2019-03-26,2151913.0,2377142.662087353,-235419.74598120348,10190.083893850446
2019-03-27,2273811.0,2371311.1988653233,-102590.36342006522,5090.164554741699
2019-03-28,2487162.0,2360876.6707834243,121445.68390809935,4839.645308476407
2019-03-29,2538384.0,2348698.1815416324,193116.42335805183,-3430.604899684433
2019-03-30,2172920.0,2335423.100000158,-211445.35659780356,48942.25659764558
2019-03-31,2510294.0,2322711.463792728,167935.81043676563,19646.725770506542
2019-04-01,2360053.0,2311254.7341760597,62519.96031338837,-13721.694489447866
2019-04-02,2026256.0,2301364.512506131,-229512.85600721417,-45595.65649891691
2019-04-03,2151626.0,2293271.5607370576,-103963.98591917678,-37681.57481788099
2019-04-04,2411500.0,2287725.0859267563,135482.77423175477,-11707.860158510972
2019-04-05,2476884.0,2285994.166953999,203745.69772261483,-12855.864676613826
2019-04-06,2011715.0,2288673.8557341807,-261403.48165604557,-15555.374078135006
2019-04-07,2462929.0,2297829.8901620205,171808.18246625975,-6709.072628280148
2019-04-08,2384091.0,2307000.993290891,75372.786454454,1717.220254654996
2019-04-09,2091056.0,2316568.689857299,-220624.90162678962,-4887.788230509497
2019-04-10,2229276.0,2327421.0965889837,-101651.68493431399,3506.5883453302085
2019-04-11,2487398.0,2345567.0116918515,156152.23679490914,-14321.248486760538
2019-04-12,2590499.0,2359039.6000445886,206719.2208373546,24740.17911805678
2019-04-13,2059142.0,2372435.5934389187,-307439.5398292525,-5854.053609666415
2019-04-14,2446801.0,2385424.677742369,172062.47064902892,-110686.14839139814
2019-04-15,2484580.0,2390688.467211124,83128.41072128674,10763.122067589313
2019-04-16,2208688.0,2398159.5576286516,-215290.76275533048,25819.205126679037
2019-04-17,2317381.0,2403512.873093951,-91922.36768400753,5790.4945900565945
2019-04-18,2616158.0,2406089.3160477993,171212.55063067251,38856.13332152832
2019-04-19,2457133.0,2402840.8378957,206449.16611198572,-152157.00400768546
2019-04-20,1988205.0,2381653.392875561,-334687.45043468726,-58760.94244087394
2019-04-21,2356802.0,2373498.3729042998,170293.18264809428,-186989.55555239413
2019-04-22,2594171.0,2364015.2181152105,90585.77945593516,139570.00242885435
2019-04-23,2227475.0,2340153.114449461,-218354.78838788965,105676.67393842852
2019-04-24,2254209.0,2334494.656249314,-83934.25075192309,3648.594502609223
2019-04-25,2526961.0,2332722.5032785223,182254.04361109654,11984.45311038103
2019-04-26,2521897.0,2331873.114683695,206490.74323143775,-16466.857915132772
2019-04-27,1990464.0,2330936.045942202,-355994.8973370576,15522.851394855417
2019-04-28,2506809.0,2330173.091567659,176008.38633384637,627.5220984946936
2019-04-29,2412770.0,2329733.8207399542,98438.81734246982,-15402.638082424179
2019-04-30,2102068.0,2329807.8114474467,-224423.3670878252,-3316.4443596214987
2019-05-01,2256442.0,2330945.917349824,-80963.7942942152,6459.876944391057
2019-05-02,2499461.0,2332841.106100363,184923.4727121653,-18303.5788125284
2019-05-03,2546029.0,2335280.083929949,208647.27417646645,2101.641893584747
2019-05-04,1968278.0,2338867.931521851,-366369.861195726,-4220.070326125249
2019-05-05,2512598.0,2343482.686632279,170471.3413300147,-1356.0279622934759
2019-05-06,2470969.0,2348394.922508095,107094.79925799303,15479.278233911842
2019-05-07,2106597.0,2352437.742956348,-227432.5874058777,-18408.155550470576
2019-05-08,2270662.0,2357397.5930829076,-81928.29360110061,-4807.299481806811
2019-05-09,2555342.0,2365755.0750897545,181478.20719647984,8108.7177137658
2019-05-10,2602631.0,2373484.570891062,217745.8895239119,11400.539585026447
2019-05-11,1985942.0,2382160.840725135,-368108.23522664135,-28110.60549849365
2019-05-12,2419114.0,2391637.1043782425,162382.44410597105,-134905.54848421365
2019-05-13,2512315.0,2401558.8721108683,113072.50262078656,-2316.374731654767
2019-05-14,2191387.0,2411519.8627178576,-208493.90846184164,-11638.95425601583
2019-05-15,2343675.0,2426048.883972463,-95692.304213401,13318.420240937732
2019-05-16,2611324.0,2436640.423106346,186925.24415126225,-12241.667257607915
2019-05-17,2664549.0,2445844.410700603,206971.09902594256,11733.490273454692
2019-05-18,2091116.0,2454206.3755500834,-356239.00893812627,-6851.366611957084
2019-05-19,2620276.0,2462339.050372241,153852.97113590906,4083.9784918497317
2019-05-20,2615691.0,2469141.9472056897,105635.30028088081,40913.752513429616
2019-05-21,2312727.0,2476593.9659520593,-192275.40048670312,28408.434534643777
2019-05-22,2472123.0,2474164.8810818736,-100423.72926189337,98381.84818001976
2019-05-23,2673635.0,2469195.291425569,181227.31623809686,23212.392336334102
2019-05-24,2792670.0,2461054.7993866047,190326.95277432856,141288.24783906667
2019-05-25,2124825.0,2449728.5520080235,-330838.09746818576,5934.545460162219
2019-05-26,2070716.0,2438687.1678288653,147052.8106530651,-515023.97848193045
2019-05-27,2512237.0,2430065.6887097885,97282.91604866966,-15111.604758458212
2019-05-28,2453649.0,2422543.921252881,-174517.7815853623,205622.8603324811
2019-05-29,2269035.0,2415533.372134365,-98181.43100110302,-48316.941133262124
2019-05-30,2485770.0,2410494.292252817,166864.6035119497,-91588.89576476673
2019-05-31,2570613.0,2411166.3270734753,172454.28517235612,-13007.612245831639
2019-06-01,2117180.0,2416734.690200798,-303196.7405236673,3642.0503228688613
2019-06-02,2555578.0,2425442.5849328297,136488.17971820288,-6352.76465103263
2019-06-03,2499002.0,2435899.9264459163,92995.4470340262,-29893.373479942326
2019-06-04,2247421.0,2444695.7067839466,-156971.0444398851,-40303.662344061304
2019-06-05,2370152.0,2460106.4514495297,-93866.70621432972,3912.25476479996
2019-06-06,2623947.0,2476603.7892397703,148291.45285375847,-948.2420935286209
2019-06-07,2649808.0,2493980.2527201637,158581.62796177276,-2753.880681936629
2019-06-08,2225952.0,2511204.428149673,-280591.7229382639,-4660.705211409368
2019-06-09,2669860.0,2526783.144278536,118100.81985280525,24976.035868658684
2019-06-10,2644981.0,2540033.099077745,93568.50701626597,11379.39390598936
2019-06-11,2433189.0,2551056.9756274894,-148106.87880005263,30238.903172563296
2019-06-12,2509058.0,2560446.6117715146,-66842.3760458843,15453.76427436946
2019-06-13,2675686.0,2568200.730846478,123618.57442654604,-16133.305273024365
2019-06-14,2727860.0,2574369.0958582046,151339.29116738163,2151.6129744136706
2019-06-15,2318946.0,2579769.4284155495,-264962.4144008751,4138.985985325649
2019-06-16,2642083.0,2585504.0144729693,95494.04130398972,-38915.055776959285
2019-06-17,2699580.0,2591983.2196715823,97686.14202509828,9910.638303319458
2019-06-18,2466574.0,2599381.7002983685,-128417.51380773008,-4390.186490638182
2019-06-19,2552395.0,2606707.7358156764,-49350.539468242845,-4962.196347433608
2019-06-20,2728786.0,2613007.937778294,108151.17005871898,7626.892162987031
2019-06-21,2772903.0,2618311.758463079,141314.24639672015,13276.995140200946
2019-06-22,2378559.0,2622093.964058525,-250525.10971977402,6990.145661249291
2019-06-23,2719643.0,2623764.840776834,69098.54208785742,26779.617135308217
2019-06-24,2716428.0,2623572.3607897325,94632.1707632174,-1776.5315529499203
2019-06-25,2506510.0,2621108.224726108,-110304.91330532964,-4293.311420778278
2019-06-26,2594661.0,2618179.138181786,-41337.17207368444,17819.03389189858
2019-06-27,2711222.0,2614406.807836507,93869.05967445715,2946.1324890358374
2019-06-28,2730515.0,2610178.8806267814,140743.9180593383,-20407.798686119728
2019-06-29,2368846.0,2605797.62359976,-242329.51707128307,5377.893471523188
2019-06-30,2632030.0,2601389.6677184245,73593.55679831591,-42953.224516740534
2019-07-01,2455536.0,2591850.294345004,75810.81187804685,-212125.10622305097
2019-07-02,2347767.0,2589118.26490499,-102447.5515964877,-138903.713308502
2019-07-03,2547889.0,2587428.245832222,-41827.19085871683,2287.9450264945626
2019-07-04,2088760.0,2586995.418237486,91437.48761219143,-589672.9058496773
2019-07-05,2184253.0,2585663.267532646,145400.21259150526,-546810.4801241513
2019-07-06,2345846.0,2584194.93136376,-238459.6668373486,110.73547358857468
2019-07-07,2795369.0,2580992.217763325,82420.30525033793,131956.476986337
2019-07-08,2748718.0,2577118.7844364387,59304.531693877245,112294.68386968412
2019-07-09,2506859.0,2568352.528625353,-100642.04875915444,39148.520133801736
2019-07-10,2515902.0,2566534.550399575,-47409.91086933646,-3222.63953023823
2019-07-11,2608209.0,2565283.5739371674,92900.25307914791,-49974.82701631542
2019-07-12,2716812.0,2564652.059261181,151455.39870191828,704.5420369007625
2019-07-13,2312178.0,2565863.3122354117,-233445.37381959887,-20239.938415812794
2019-07-14,2669717.0,2569254.0391164827,93808.67547215072,6654.285411366727
2019-07-15,2615115.0,2574579.2741567562,39728.70871982287,807.0171234207228
2019-07-16,2447177.0,2582286.5735656107,-102424.61903494498,-32684.95453066565
2019-07-17,2522563.0,2589877.6103814724,-50775.13651132881,-16539.47387014376
2019-07-18,2716828.0,2596626.126028353,95155.39047403012,25046.483497616835
2019-07-19,2776960.0,2602741.6115583335,155638.3612960402,18580.02714562649
2019-07-20,2396462.0,2607472.0339806536,-229074.3825091867,18064.348528533243
2019-07-21,2727355.0,2610123.6865504966,108862.53273516659,8368.780714336783
2019-07-22,2635312.0,2610050.435078331,31691.816406578127,-6430.251484909095
2019-07-23,2499460.0,2607379.8419352197,-128087.5562448199,20167.714309600182
2019-07-24,2561911.0,2603209.167680201,-57055.70604636713,15757.538366165943
2019-07-25,2705399.0,2599037.9251524867,121927.93801720344,-15566.863169690128
2019-07-26,2732770.0,2595679.421081384,154350.0513777807,-17259.472459164914
2019-07-27,2364925.0,2593238.0259357933,-224357.49714304437,-3955.528792749159
2019-07-28,2700723.0,2591318.027450186,112763.92044154911,-3358.947891735472
2019-07-29,2613346.0,2589954.4934143107,35500.07081394493,-12108.564228255767
2019-07-30,2438967.0,2589051.659126346,-148550.03855156418,-1534.6205747816712
2019-07-31,2542365.0,2588074.9498336026,-68640.74715550245,22930.797321899794
2019-08-01,2742882.0,2586085.949954589,137305.88192707722,19490.16811833391
2019-08-02,2730936.0,2582593.7121130694,158597.37875655957,-10255.090869628824
2019-08-03,2367967.0,2577963.1727607385,-229962.30036336096,19966.12760262238
2019-08-04,2688640.0,2572678.520859987,120410.04234105347,-4448.563201040495
2019-08-05,2619406.0,2566693.1556297857,46324.78931002312,6388.05506019108
2019-08-06,2387115.0,2560010.114384238,-164070.6111955511,-8824.503188686911
2019-08-07,2430094.0,2552789.8344617835,-78318.32829998081,-44377.506161802914
2019-08-08,2707986.0,2544601.5621901248,146225.03301486914,17159.404795005918
2019-08-09,2725000.0,2535479.8503483566,168573.68809123826,20946.461560405325
2019-08-10,2290340.0,2525761.4001672734,-246026.34297807538,10604.94281080179
2019-08-11,2647897.0,2515162.821420793,132609.11713536934,125.06144383782521
2019-08-12,2567986.0,2503430.4660493196,49226.25698355432,15329.276967125945
2019-08-13,2306829.0,2490539.700158576,-169492.99406338987,-14217.706095186062
2019-08-14,2391906.0,2479024.8683857433,-89309.93900088478,2191.0706151416525
2019-08-15,2602446.0,2467916.1886148266,151935.4876172581,-17405.676232084632
2019-08-16,2627564.0,2452868.359883076,184769.7805057904,-10074.14038886642
2019-08-17,2171962.0,2441199.12433592,-268225.2677091935,-1011.8566267262213
2019-08-18,2584444.0,2429181.801952979,147382.76498268204,7879.433064338751
2019-08-19,2576965.0,2416851.8115856727,46120.693521971836,113992.49489235552
2019-08-20,2247446.0,2404200.382842239,-173840.19275740892,17085.809915170074
2019-08-21,2306838.0,2391260.2233960787,-90757.92292360135,6335.699527522549
2019-08-22,2533184.0,2375592.3069618135,156075.26645658677,1516.4265815997496
2019-08-23,2559244.0,2363414.035598333,196446.68892979936,-616.7245281324722
2019-08-24,2039233.0,2352961.647097594,-290897.08853731904,-22831.558560275007
2019-08-25,2493162.0,2343206.124507667,157188.5552362856,-7232.6797439525835
2019-08-26,2358007.0,2331574.249107901,44403.63834928684,-17970.887457187753
2019-08-27,2015088.0,2306161.908207017,-189097.8952590912,-101976.01294792583
2019-08-28,2188688.0,2294850.043887345,-98109.59479433164,-8052.449093013536
2019-08-29,2561109.0,2284226.0476764035,182039.14372941668,94843.8085941798
2019-08-30,2658558.0,2274061.8094148757,215204.10963655353,169292.08094857074
2019-08-31,1954902.0,2264275.096679376,-315419.24421912164,6046.147539745551
2019-09-01,1887845.0,2257318.3835560107,169200.2514279983,-538673.634984009
2019-09-02,2278159.0,2252320.856508142,51237.414089403755,-25399.27059754543
2019-09-03,2037750.0,2244472.918110866,-213238.66047459195,6515.742363725789
2019-09-04,1889044.0,2231510.124195918,-111161.42616095567,-231304.6980349624
2019-09-05,2109858.0,2224651.230982297,193285.99064714694,-308079.22162944404
2019-09-06,2198828.0,2218703.012301043,231713.77740222513,-251588.78970326832
2019-09-07,1755502.0,2215021.6597727034,-336648.35644276824,-122871.3033299353
2019-09-08,2370003.0,2211264.602884168,181849.9878654188,-23111.590749586467
2019-09-09,2292985.0,2214066.0365363294,79787.80338045764,-868.8399167871103
2019-09-10,1943379.0,2220034.784603585,-244659.81964656207,-31995.96495702304
2019-09-11,2005867.0,2227657.7923243153,-123551.61662916343,-98239.17569515202
2019-09-12,2449302.0,2232599.498728016,207617.38877557009,9085.112496413756
2019-09-13,2484025.0,2243476.9244061857,247348.95477241123,-6800.879178597126
2019-09-14,1879822.0,2253249.099721991,-352022.03932623373,-21405.060395757202
2019-09-15,2485134.0,2264528.008628897,195416.55881372822,25189.432557374705
2019-09-16,2405832.0,2270882.567672095,100712.74069785947,34236.69163004588
2019-09-17,2013050.0,2278853.1676411713,-263959.06329050794,-1844.104350663256
2019-09-18,2146857.0,2286569.958452786,-138350.54342104046,-1362.4150317455642
2019-09-19,2455410.0,2293220.6579536106,197182.85982418872,-34993.51777779916
2019-09-20,2571924.0,2298097.8531019045,254863.17256033287,18962.974337762687
2019-09-21,1938402.0,2301806.5754836085,-357723.1031218246,-5681.472361783963
2019-09-22,2524397.0,2305183.2532780617,203291.14797455876,15922.598747379612
2019-09-23,2431388.0,2308136.869921936,109295.93334019987,13955.196737864055
2019-09-24,2033490.0,2309006.7138345214,-273306.0467221908,-2210.6671123304404
2019-09-25,2188236.0,2306786.988989659,-123348.10351098824,4797.114521329291
2019-09-26,2510926.0,2302334.0997278597,184758.18388619844,23833.716385941952
2019-09-27,2547611.0,2296825.0204498754,252666.66562666363,-1880.686076539103
2019-09-28,1966234.0,2291052.591073211,-349640.10367754963,24821.512604338583
2019-09-29,2452596.0,2286132.964669501,202321.15229132544,-35858.11696082633
2019-09-30,2368818.0,2281781.3045601672,103622.85111235193,-16586.155672519002
2019-10-01,1998980.0,2278484.763984982,-275376.80794550275,-4127.956039479002
2019-10-02,2082179.0,2277383.9741567145,-111571.79388297329,-83633.18027374102
2019-10-03,2447687.0,2278822.0956014763,181016.41536805235,-12151.510969528463
2019-10-04,2526835.0,2282393.2216456244,245836.42619636375,-1394.6478419881314
2019-10-05,1921185.0,2288133.918915111,-341964.77250821574,-24984.14640689548
2019-10-06,2542118.0,2292725.0771789714,195641.94268632025,53750.98013470834
2019-10-07,2400153.0,2298546.499338809,103440.64447269302,-1834.1438115020283
2019-10-08,2035628.0,2307031.055656931,-271954.32401743263,551.2683605016209
2019-10-09,2215233.0,2317070.3708512494,-104502.99286712466,2665.6220158752985
2019-10-10,2605291.0,2327373.2850087113,176710.23424836042,101207.4807429281
2019-10-11,2688032.0,2351726.047691292,238979.21819759707,97326.73411111068
2019-10-12,2074718.0,2362760.264544286,-342251.11464211514,54208.850097829476
2019-10-13,2555333.0,2373190.799419884,192935.146365402,-10792.945785285905
2019-10-14,2616771.0,2384307.270546498,112661.26852635316,119802.46092714928
2019-10-15,2313632.0,2398831.628625492,-264830.182765549,179630.55414005695
2019-10-16,2317763.0,2400928.978690879,-106459.66220878277,23293.68351790402
2019-10-17,2581007.0,2401540.745037668,173829.31478759137,5636.940174740739
2019-10-18,2637667.0,2400681.909551961,235298.94026071133,1686.1501873279922
2019-10-19,2049855.0,2397828.887370686,-338286.8437881365,-9687.043582549319
2019-10-20,2606266.0,2393424.132447128,180190.4183529463,32651.449199925642
2019-10-21,2514673.0,2388691.5821015323,116474.27028514833,9507.147613319568
2019-10-22,2126637.0,2383482.4306773418,-255152.90655018316,-1692.524127158802
2019-10-23,2245199.0,2378192.4347689343,-119833.1654475404,-13160.269321393687
2019-10-24,2541581.0,2372831.168711952,181820.79706774311,-13070.965779695194
2019-10-25,2594337.0,2367234.961037147,228656.37969100388,-1554.3407281506807
2019-10-26,1931971.0,2361516.0741698444,-331563.97942502017,-97981.09474482434
2019-10-27,2478287.0,2356139.6794988634,165500.53535657527,-43353.214855438564
2019-10-28,2347017.0,2349663.297505834,113291.38991761276,-115937.68742344668
2019-10-29,1910506.0,2326491.894584529,-211029.4731297025,-204956.42145482637
2019-10-30,2066516.0,2321615.9012897164,-140592.06107321384,-114507.84021650255
2019-10-31,2047910.0,2313644.4653797355,194862.14897102662,-460596.614350762
2019-11-01,2319906.0,2308152.7841774174,208506.97171274986,-196753.75589016732
2019-11-02,1836781.0,2307945.4654649575,-323862.8133071753,-147301.6521577821
2019-11-03,2459525.0,2307567.8604094572,152789.83146957567,-832.691879033111
2019-11-04,2403304.0,2306070.694831437,94025.05365364972,3208.2515149135143
2019-11-05,2005101.0,2303851.5668189437,-163370.9564992786,-135379.61031966517
2019-11-06,2147882.0,2301453.2253631125,-159122.86837730923,5551.643014196772
2019-11-07,2507365.0,2298417.3309678053,198125.40864248952,10822.260389705189
2019-11-08,2617031.0,2293613.882304701,192738.09861946045,130679.01907583838
2019-11-09,1970562.0,2288414.819596503,-311199.9779513835,-6652.841645119246
2019-11-10,2425615.0,2283025.351930165,138478.12566425043,4111.522405584343
2019-11-11,2465392.0,2278196.364536358,67812.92848895218,119382.70697468985
2019-11-12,2150003.0,2275365.715864335,-121666.27345008364,-3696.442414251622
2019-11-13,2072207.0,2273856.5476227673,-181405.4085721752,-20244.139050592203
2019-11-14,2364920.0,2272995.1574163176,187708.5836997136,-95783.74111603107
2019-11-15,2437211.0,2272069.4525331208,165601.9152893165,-460.3678224370815
2019-11-16,1807230.0,2271424.4398571923,-191427.07857340254,-272767.36128378985
2019-11-17,2396681.0,2271580.048679775,107760.45583850551,17340.495481719263
2019-11-18,2298856.0,2271681.4881107905,28233.08769871013,-1058.5758095006458
2019-11-19,1900895.0,2270661.7170249,-96534.23881453263,-273232.4782103675
2019-11-20,2071631.0,2267957.82922935,-195587.83755911695,-738.9916702331975
2019-11-21,2428095.0,2264377.0526803546,160792.9308126306,2925.016507014632
2019-11-22,2550459.0,2261123.7316720514,118235.23965927442,171100.02866867417
2019-11-23,2194291.0,2258711.8047267958,-67186.33590813706,2765.531181341503
2019-11-24,2321546.0,2256885.427034771,78192.32396597881,-13531.751000749879
2019-11-25,2254188.0,2255150.24124703,3443.350646140948,-4405.59189317096
2019-11-26,2435170.0,2253077.0805179817,-63052.98851421342,245145.9079962317
2019-11-27,2624250.0,2252422.138622693,-200335.04573854,572162.9071158473
2019-11-28,1591158.0,2273972.2155339406,142403.42127459258,-825217.6368085332
2019-11-29,1968137.0,2281561.879358373,98139.67068974521,-411564.5500481182
2019-11-30,2648268.0,2288320.2939149057,-58203.72918157997,418151.43526667403
2019-12-01,2882915.0,2313447.1928713606,61271.180157996336,508196.6269706432
2019-12-02,2591470.0,2314501.8660103236,-9846.025028635919,286814.1590183121
2019-12-03,2280403.0,2313160.4387720744,-25586.38295659329,-7171.055815481115
2019-12-04,2122576.0,2312618.8849124503,-206395.9484635333,16353.063551082741
2019-12-05,2333173.0,2313185.5484269927,127119.67979732186,-107132.22822431475
2019-12-06,2348822.0,2315143.4029805395,40322.236773970915,-6643.639754510485
2019-12-07,1816896.0,2318144.188015329,31527.15727073492,-532775.3452860641
2019-12-08,2359385.0,2321896.3401009315,75780.62611358214,-38291.966214513406
2019-12-09,2296732.0,2325384.9871980916,-35965.541081131465,7312.553883039858
2019-12-10,1964234.0,2331858.598781997,-30525.617248454706,-337098.9815335423
2019-12-11,2088451.0,2337793.056759142,-246786.0641757006,-2555.9925834410824
2019-12-12,2433028.0,2344770.236955806,82633.98691487026,5623.7761293235235
2019-12-13,2459107.0,2352227.338746741,105733.49445041014,1146.1668028486893
2019-12-14,1954965.0,2361629.2062384025,113496.62456414335,-520160.8308025459
2019-12-15,2367915.0,2381939.646260678,86908.83465739517,-100933.4809180731
2019-12-16,2320721.0,2392992.919223176,-75360.55673093529,3088.6375077595003
2019-12-17,2076328.0,2404281.5856917915,-137683.79763387426,-190269.78805791726
2019-12-18,2304407.0,2415826.0145330755,-192651.47166852857,81232.45713545289
2019-12-19,2544637.0,2431811.19792713,117382.94600724475,-4557.143934374675
2019-12-20,2681695.0,2437319.1833016938,82383.45980071872,161992.35689758742
2019-12-21,2557988.0,2442632.9532288928,111300.13968838501,4054.9070827220567
2019-12-22,2589688.0,2448022.4190806854,127921.153355136,13744.427564178593
2019-12-23,2562555.0,2451914.944274027,-48935.85628602366,159575.91201199684
2019-12-24,2042078.0,2455676.7749495576,-237899.9739183033,-175698.80103125423
2019-12-25,1996541.0,2455940.2228890974,-157066.06711227738,-302333.15577682015
2019-12-26,2623113.0,2418397.6534171156,145447.9989735926,59267.347609291784
2019-12-27,2654247.0,2405250.7343552285,85530.91202881327,163465.35361595824
2019-12-28,2540383.0,2402859.689816188,25488.737788665465,112034.57239514636
2019-12-29,2647034.0,2326871.889848486,161417.77605647716,158744.3340950366
2019-12-30,2572305.0,2316067.7473192597,-37628.08280848847,293865.33548922883
2019-12-31,2073706.0,2308582.936421822,-238997.38079722656,4120.444375404622
2020-01-01,2196916.0,2304491.5968682515,-111230.51212563022,3654.915257378947
2020-01-02,2461726.0,2303351.912078258,165133.39437227324,-6759.306450531352
2020-01-03,2381987.0,2302917.025446278,76794.00053763815,2275.97401608387
2020-01-04,2244162.0,2302382.875260306,-49523.28137462548,-8697.59388568066
2020-01-05,2491894.0,2301702.802267559,185089.64976854154,5101.54796389956
2020-01-06,2280882.0,2298300.8622066784,-17905.294745333256,486.4325386546552
2020-01-07,1871059.0,2280828.997118109,-262835.92020113603,-146934.0769169731
2020-01-08,1880834.0,2200684.74230962,-108036.05312687787,-211814.68918274227
2020-01-09,2102860.0,2174336.1022664956,167923.78632105407,-239399.88858754956
2020-01-10,2142463.0,2147905.2513889936,127050.83730792953,-132493.0886969231
2020-01-11,1749697.0,2069433.347279736,-123471.9878380672,-196264.35944166896
2020-01-12,2253585.0,2050552.809526041,199905.91016709103,3126.2803068680223
2020-01-13,2060378.0,2046597.6434253273,14913.134828741759,-1132.7782540689223
2020-01-14,1756374.0,2045761.4278310004,-276993.2974882258,-12394.130342774559
2020-01-15,1943701.0,2044844.4717393422,-114403.02538566133,13259.55364631908
2020-01-16,2312979.0,2043420.8818987734,167071.4017437199,102486.71635750681
2020-01-17,2418305.0,2033403.5236468741,169954.15597860017,214947.32037452585
2020-01-18,1844437.0,2027072.752003997,-188608.02663658798,5972.274632590823
2020-01-19,2064997.0,2021850.933550433,205648.8477645514,-162502.78131498443
2020-01-20,2367538.0,2016275.8771827458,46958.219739805936,304303.90307744825
2020-01-21,1936023.0,2000285.989885204,-287531.38203323545,223268.3921480314
2020-01-22,1867782.0,1995924.7192478324,-128956.55645529808,813.8372074656654
2020-01-23,2169321.0,1993028.773694122,173529.45341534913,2762.772890528897
2020-01-24,2215449.0,1991412.7232898008,221180.8012569366,2855.475453262683
2020-01-25,1705850.0,1991174.289083547,-240473.89111478243,-44850.39796876442
2020-01-26,2203488.0,1991166.4098273504,202516.11404974345,9805.476122906199
2020-01-27,2073819.0,1991137.3750408697,78450.58240834562,4231.0425507847685
2020-01-28,1707733.0,1991361.4316203662,-278797.9735257642,-4830.458094601985
2020-01-29,1842526.0,1992439.7578275416,-151039.86157508526,1126.103747543646
2020-01-30,2154295.0,1994396.9876224557,158669.25651491352,1228.7558626309037
2020-01-31,2229563.0,1997135.2761429723,231424.35279320765,1003.3710638200864
2020-02-01,1719082.0,1999346.3603543201,-262998.27589675726,-17266.08445756277
2020-02-02,2011645.0,2002361.2228520082,197116.6975842712,-187832.92043627938
2020-02-03,2123304.0,2006267.4828596667,104823.22685958525,12213.290280748159
2020-02-04,1742605.0,2010869.2505684479,-266089.77729955007,-2174.4732688977383
2020-02-05,1843877.0,2016412.138492091,-152748.54951153346,-19786.58898055763
2020-02-06,2167857.0,2024936.7326304477,150960.40832942675,-8040.140959874494
2020-02-07,2271551.0,2030364.0941822676,232085.16315608524,9101.742661647266
2020-02-08,1770241.0,2034872.128744022,-264033.6625860297,-597.4661579923704
2020-02-09,2224826.0,2039794.4481049618,186563.6078910588,-1532.0559960205574
2020-02-10,2164951.0,2046199.7770725,100768.05624448827,17983.16668301169
2020-02-11,1814047.0,2053749.3376700627,-263908.5760539918,24206.238383929245
2020-02-12,2038375.0,2062020.573768785,-138620.59485500574,114975.02108622086
2020-02-13,2415185.0,2072880.0668695786,150602.22345100422,191702.70967941708
2020-02-14,2507588.0,2153261.728609286,232768.47104326045,121557.80034745391
2020-02-15,1972248.0,2157879.0848311996,-252231.56490324746,66600.48007204803
2020-02-16,2198657.0,2173342.129020604,180654.8441511642,-155339.973171768
2020-02-17,2494922.0,2209765.6797235347,83904.36294855765,201251.95732790744
2020-02-18,2190300.0,2207763.020217114,-270495.71061492705,253032.69039781298
2020-02-19,2129862.0,2204806.3597308053,-130671.76636530062,55727.40663449513
2020-02-20,2358511.0,2202814.5205906094,150230.44271585837,5466.03669353202
2020-02-21,2429489.0,2201422.0071129086,232028.3086960392,-3961.3158089476638
2020-02-22,1951535.0,2200646.4858997697,-234606.26635380244,-14505.219545967411
2020-02-23,2380359.0,2199855.6729730666,184412.03783366882,-3908.7108067353256
2020-02-24,2267382.0,2198058.684623702,61452.22997241874,7871.085403879173
2020-02-25,1919803.0,2194588.3017144296,-270156.14000308554,-4629.16171134403
2020-02-26,2075554.0,2189055.420971623,-119701.21124385088,6199.790272227954
2020-02-27,2364727.0,2180804.3514256882,145644.1454786198,38278.50309569202
2020-02-28,2441643.0,2169804.644333552,221585.28111023005,50253.074556217995
2020-02-29,1949696.0,2156717.378814745,-201134.25381289612,-5887.125001849141
2020-03-01,2353150.0,2142331.9577235733,179929.42781527137,30888.614461155143
2020-03-02,2163067.0,2127807.2307243072,42050.57008331981,-6790.800807626918
2020-03-03,1806256.0,2114054.8835173366,-245467.71589491182,-62331.16762242466
2020-03-04,1953782.0,2098821.260437439,-143571.74609329223,-1467.5143441469409
2020-03-05,2203821.0,2078966.0262445412,138124.83127504107,-13269.857519582147
2020-03-06,2274787.0,2056048.1285458475,203799.1013548896,14939.77009926294
2020-03-07,1913768.0,2001592.109465434,-157349.12199957616,69525.01253414224
2020-03-08,2189961.0,1955345.4411010814,155255.7609075257,79359.7979913929
2020-03-09,1982627.0,1902706.090482636,13317.259147938692,66603.6503694253
2020-03-10,1686927.0,1844053.7788826304,-193836.85563584985,36710.07675321936
2020-03-11,1774150.0,1780231.60936604,-116051.38963604571,109969.78027000581
2020-03-12,1860802.0,1704459.077280783,106544.6464793492,49798.27623986779
2020-03-13,1785451.0,1614714.0730688497,165392.47203368993,5344.454897460295
2020-03-14,1549429.0,1504796.9491424365,-110781.10520111858,155413.15605868213
2020-03-15,1585264.0,1440826.5365232537,115684.0831841637,28753.38029258256
2020-03-16,1325097.0,1353236.811813711,-4320.376257318678,-23819.435556392185
2020-03-17,1029164.0,1172861.6157910556,-129663.45194490149,-14034.163846153999
2020-03-18,847827.0,1046226.4949405589,-86887.35332476428,-111512.14161579462
2020-03-19,694364.0,924564.7676155071,66975.07777186416,-297175.84538737126
2020-03-20,669314.0,804690.2406909472,115030.25097852766,-250406.49166947487
2020-03-21,608846.0,684182.4079232418,-62483.98470560773,-12852.423217634088
2020-03-22,510881.0,508985.4935124115,67537.83555780795,-65642.32907021942
2020-03-23,388154.0,448147.795945613,-14303.27831964131,-45690.5176259717
2020-03-24,330808.0,410144.78682319657,-70069.43489881617,-9267.351924380404
2020-03-25,288459.0,368026.4688080457,-55475.93063178381,-24091.538176261936
2020-03-26,252039.0,328766.13991198846,35980.550936288055,-112707.69084827651
2020-03-27,244702.0,294473.12290998566,72939.63934069464,-122710.7622506803
2020-03-28,226850.0,266498.53407433815,-31099.058930021056,-8549.475144317083
2020-03-29,223165.0,241169.3953284944,30788.033667392396,-48792.42899588679
2020-03-30,197539.0,205850.97528202416,-6957.563133026162,-1354.4121489980025
2020-03-31,190163.0,193201.76297442743,-26451.216984407423,23412.454009979992
2020-04-01,176239.0,184310.24563534372,-18342.300735309615,10271.055099965888
2020-04-02,160826.0,177155.67741401502,-4014.8077083364915,-12314.869705678517
2020-04-03,166046.0,167252.68968173914,13428.421302105271,-14635.11098384441
2020-04-04,151716.0,158433.17659360738,-7943.396953226795,1226.2203596194158
2020-04-05,156759.0,150414.32625874176,8980.955096449894,-2636.2813551916624
2020-04-06,142138.0,143517.82760639794,4494.990393656161,-5874.818000054103
2020-04-07,126847.0,137974.11333355698,-6216.134048686405,-4910.979284870584
2020-04-08,123522.0,133574.29575733287,-6165.220591833631,-3887.075165499249
2020-04-09,132378.0,129940.94250192546,557.0916156707863,1879.965882403747
2020-04-10,137131.0,127013.63890703427,11334.082379435986,-1216.7212864702597
2020-04-11,119155.0,124792.44081349391,-4203.054994584028,-1434.3858189098828
2020-04-12,116399.0,123078.63075325557,4552.958335432937,-11232.589088688503
2020-04-13,129582.0,121788.15633180011,3398.8348675792445,4395.008800620635
2020-04-14,113147.0,120972.7181521138,-7631.842053957439,-193.8760981563537
2020-04-15,115294.0,120665.17159741384,-5934.398343844719,563.2267464308825
2020-04-16,119067.0,120941.0913584725,3021.7224114831592,-4895.813769955668
2020-04-17,130512.0,121679.05116392259,12968.44794192081,-4135.499105843395
2020-04-18,119121.0,122617.44057807738,-5440.817399196399,1944.3768211190181
2020-04-19,128831.0,123672.53736855903,5612.699949710134,-454.2373182691663
2020-04-20,123081.0,125140.89198904048,1899.9454046789433,-3959.8373937194265
2020-04-21,114969.0,127062.80912373264,-13913.555567398422,1819.7464436657756
2020-04-22,121886.0,129334.25579412382,-10275.84613941767,2827.590345293851
2020-04-23,135267.0,131998.96946126057,7621.946528547384,-4353.915989807952
2020-04-24,147394.0,135164.19066265228,19153.989556306005,-6924.180218958296
2020-04-25,130319.0,138927.99439374378,-9078.119494492805,469.12510074902093
2020-04-26,151489.0,143196.7419537113,9166.371842153034,-874.1137958643085
2020-04-27,143129.0,147787.50790049156,3297.1692111043276,-7955.677111595898
2020-04-28,133570.0,152675.27772792144,-21668.984854254046,2563.7071263326216
2020-04-29,142801.0,157698.45120667398,-16342.654734151783,1445.2035274778027
2020-04-30,179226.0,162553.32704509544,12925.187393143378,3747.48556176119
2020-05-01,197509.0,167096.26631119128,26342.930730600758,4069.8029582079616
2020-05-02,154946.0,171425.23944369014,-14286.552084720173,-2192.687358969968
2020-05-03,192411.0,175658.87170803442,12971.104732654643,3781.023559310939
2020-05-04,185877.0,179926.15054140027,6717.590646240975,-766.7411876412516
2020-05-05,149037.0,184387.64236536884,-32210.098886356114,-3140.543479012733
2020-05-06,159615.0,189193.87129068127,-22751.274224803874,-6827.597065877402
2020-05-07,211459.0,194346.50312271455,21095.49557905697,-3982.9987017715175
2020-05-08,236617.0,199740.5456592417,35739.1415642731,1137.312776485196
2020-05-09,187868.0,205195.8448867635,-21327.252097666867,3999.4072109033877
2020-05-10,220928.0,210622.9638162611,13227.786994655406,-2922.7508109165065
2020-05-11,236767.0,216063.29987685697,13295.571905352523,7408.128217790509
2020-05-12,181660.0,221658.0643026769,-41724.03466080766,1725.970358130755
2020-05-13,199090.0,227122.08090811435,-28482.127868459942,450.04696034558583
2020-05-14,256056.0,232482.38925858514,28117.47325078019,-4543.862509365339
2020-05-15,272250.0,238350.77637672756,42700.981335219854,-8801.75771194743
2020-05-16,213026.0,245462.10919685615,-28137.184119442736,-4298.9250774134125
2020-05-17,276409.0,254128.1744054646,12218.379908474204,10062.445686061168
2020-05-18,267220.0,263699.5905327045,22456.038882977595,-18935.62941568208
2020-05-19,209801.0,273056.62998219737,-47608.73541374172,-15646.894568455638
2020-05-20,251460.0,282189.2198114929,-32923.14632673403,2193.9265152411535
2020-05-21,342995.0,291295.27777580026,31343.976281431344,20355.745942768408
2020-05-22,373069.0,299872.65999887435,43756.41960732768,29439.920393797976
2020-05-23,273131.0,307224.6166180114,-33517.243124328896,-576.3734936824767
2020-05-24,289435.0,312770.11624221475,19233.111243637944,-42568.227485852665
2020-05-25,364592.0,316409.43772858666,26590.844072355536,21591.718199057796
2020-05-26,286142.0,319177.7337744606,-57080.64693238235,24044.91315792175
2020-05-27,283387.0,322232.70893845864,-38180.11058147793,-665.598356980714
2020-05-28,345958.0,326293.819077141,35743.76194328926,-16079.581020430254
2020-05-29,352970.0,331281.56144784106,47188.774398557245,-25500.335846398317
2020-05-30,292702.0,336739.477230819,-36254.97856931384,-7782.498661505175
2020-05-31,377409.0,343131.5209382263,28003.353698983057,6274.125362790655
2020-06-01,379146.0,351656.872649424,30614.33836953518,-3125.2110189591767
2020-06-02,289197.0,362275.7390588259,-66963.88370965,-6114.855349175865
2020-06-03,326891.0,373821.5194090806,-46500.64865467624,-429.87075440440094
2020-06-04,418820.0,385479.96642853005,39363.43434965,-6023.4007781800465
2020-06-05,446140.0,397373.09785483597,48080.30329128439,686.5988538796664
2020-06-06,376823.0,410053.0225550262,-37211.80028889299,3981.7777338667656
2020-06-07,468465.0,423559.44984042045,41043.210771896986,3862.3393876825576
2020-06-08,458552.0,437345.15852920647,34076.49834286815,-12869.656872074644
2020-06-09,363854.0,451117.04207882995,-79172.74139744815,-8090.300681381836
2020-06-10,413090.0,464715.82436533645,-56750.63262062671,5124.808255290263
2020-06-11,531092.0,477927.1890139222,45174.24054972976,7990.570436348033
2020-06-12,548394.0,490574.4728022886,51973.010434677184,5846.5167630342185
2020-06-13,463244.0,502650.6436238228,-36805.80734129241,-2600.836282530392
2020-06-14,573722.0,514012.9175182582,47261.984737926556,12447.097743815277
2020-06-15,565170.0,524497.5264490639,36624.651739448185,4047.8218114878982
2020-06-16,444922.0,534226.380881022,-91342.07266291871,2037.6917818967486
2020-06-17,469224.0,543672.9352164629,-62004.35586132686,-12444.579355136026
2020-06-18,607355.0,552867.2915635447,52284.50691486363,2203.201521591749
2020-06-19,618968.0,561415.4481823355,56065.6120242145,1486.9397934500594
2020-06-20,536012.0,569354.1150313485,-37666.59593487192,4324.480903523392
2020-06-21,621523.0,576972.4063977605,47786.476140920204,-3235.8825386806857
2020-06-22,639816.0,584130.7916494162,41758.923649974975,13926.284700608812
2020-06-23,499884.0,590556.5258099891,-102885.12685213091,12212.601042141789
2020-06-24,525061.0,596168.2941594801,-57942.41520596537,-13164.878953514737
2020-06-25,655228.0,601709.1235709806,50882.95498135423,2635.921447665198
2020-06-26,664665.0,607278.7986106595,54990.34674211216,2395.8546472282615
2020-06-27,575227.0,613470.7111255465,-33506.48826386261,-4737.2228616839275
2020-06-28,662853.0,621032.8277583092,51127.91002289319,-9307.73778120242
2020-06-29,657778.0,629990.5156449589,46075.95027657319,-18288.46592153213
2020-06-30,530448.0,651891.8428049386,-112917.29300461891,-8526.549800319597
2020-07-01,659820.0,665225.9171935691,-56434.37315088295,51028.45595731388
2020-07-02,800456.0,679163.0244603115,46649.83232665506,74643.14321303344
2020-07-03,752884.0,691635.2578884292,52577.55578227539,8671.186329295393
2020-07-04,495309.0,701659.5037591966,-27553.49757358888,-178797.00618560775
2020-07-05,767395.0,709670.2886905215,61281.041824619875,-3556.330515141366
2020-07-06,793785.0,714565.6808955589,42934.57301782516,36284.74608661595
2020-07-07,678147.0,716022.4772073203,-121972.54750904208,84097.0703017218
2020-07-08,669730.0,716405.5120677135,-57802.568995868234,11127.056928154663
2020-07-09,751153.0,714955.6331611081,43994.873697926254,-7797.506859034416
2020-07-10,752434.0,713186.0836297248,53339.297795593244,-14091.381425318075
2020-07-11,696262.0,710903.5239994462,-21602.615292458613,6961.091293012374
2020-07-12,796350.0,708800.6808318343,73723.67326533385,13825.645902831806
2020-07-13,738985.0,707392.9988456876,41514.66595945654,-9922.664805144188
2020-07-14,579774.0,706085.3024626886,-128935.92185557133,2624.6193928826833
2020-07-15,626707.0,704958.4890756352,-70713.16310030998,-7538.325975325191
2020-07-16,747054.0,703697.6776905246,41421.618303056275,1934.7040064191679
2020-07-17,761376.0,702432.2023625262,58078.08068661432,865.7169508595252
2020-07-18,685084.0,701680.8229971359,-13831.498680555695,-2765.324316580198
2020-07-19,788109.0,701397.3759514741,85500.25144943301,1211.3725990928942
2020-07-20,737239.0,701101.9257870897,37951.9232293155,-1814.8490164052928
2020-07-21,567459.0,700699.0887765222,-133715.4314393852,475.3426628629677
2020-07-22,609254.0,700375.6097451593,-88366.17293405559,-2755.4368111037184
2020-07-23,746766.0,700578.9438443449,41679.361480147505,4507.694675507606
2020-07-24,767540.0,701422.5040867735,65628.35930620103,489.13660702551715
2020-07-25,687244.0,702910.8795234627,-8665.31988085718,-7001.5596426056
2020-07-26,790716.0,705411.0444680766,95794.15874955633,-10489.203217632836
2020-07-27,740892.0,709150.5913757408,38705.61801702408,-6964.209392764955
2020-07-28,573466.0,713747.4606906512,-142297.03510665582,2015.574416004587
2020-07-29,612033.0,718612.6193092676,-100403.39289186931,-6176.226417398313
2020-07-30,758065.0,723367.2707119898,42718.15047361821,-8020.421185608022
2020-07-31,810309.0,727939.4131141335,69288.18850423879,13081.39838162763
2020-08-01,749886.0,732118.1933148518,-10728.524477100556,28496.331162248738
2020-08-02,841585.0,735625.4262757467,108213.8166200345,-2254.242895781179
2020-08-03,781705.0,738345.0986171565,44569.69789937249,-1209.7965165290516
2020-08-04,583261.0,740335.7195543875,-148985.29499596838,-8089.424558419152
2020-08-05,638378.0,741684.220880457,-110771.94992009609,7465.729039639118
2020-08-06,787584.0,742805.4951606628,45158.339493648346,-379.83465431118384
2020-08-07,806204.0,744218.2194118008,69292.33102898873,-7306.55044078955
2020-08-08,723834.0,745964.5165052412,-19327.778415329896,-2802.7380899112904
2020-08-09,875129.0,747814.8015690094,124707.23938386532,2606.9590471251868
2020-08-10,806300.0,749894.7602619032,50182.621184065196,6222.618554031593
2020-08-11,598854.0,752275.1419454203,-152904.43085978556,-516.7110856347717
2020-08-12,630650.0,754813.7979684339,-118628.27986524832,-5535.5181031855755
2020-08-13,805456.0,756918.4930288605,51718.96781550722,-3181.4608443677425
2020-08-14,827588.0,758166.3161377284,68400.27605397705,1021.4078082945198
2020-08-15,730296.0,758681.0338199481,-38008.65802489665,9623.624204948545
2020-08-16,905182.0,758354.780827981,139229.8755435533,7597.34362846578
2020-08-17,818133.0,756871.7479348751,53070.22664623699,8191.025418887963
2020-08-18,604934.0,754192.1459698192,-153861.43009272602,4603.284122906858
2020-08-19,627140.0,750302.1649160451,-122239.96586383274,-922.1990522124106
2020-08-20,815710.0,745333.2933514342,57929.73221669474,12446.974431871087
2020-08-21,808086.0,739427.1001760446,70362.87602007238,-1703.9761961170007
2020-08-22,665145.0,733097.3508410448,-53019.05962252882,-14933.291218515951
2020-08-23,884572.0,726941.119061063,146847.28104251574,10783.59989642119
2020-08-24,771014.0,721219.8755182492,51223.763843637025,-1429.6393618863076
2020-08-25,562515.0,716246.8470852262,-154925.34472360052,1193.4976383743342
2020-08-26,578447.0,712333.230712467,-115500.95700612823,-18385.273706338718
2020-08-27,766347.0,709719.3015370023,63459.62538141128,-6831.9269184136065
2020-08-28,783647.0,708269.5966801924,68275.17729094985,7102.226028857753
2020-08-29,631636.0,707751.6454909806,-59175.094366878126,-16940.551124102436
2020-08-30,850262.0,708319.5325542189,143841.05089916437,-1898.5834533832967
2020-08-31,756726.0,710554.265297279,48498.66561015072,-2326.9309074296616
2020-09-01,554679.0,713952.4898543238,-159413.563202461,140.0733481372008
2020-09-02,617448.0,717779.014153148,-106562.51324656645,6231.499093418359
2020-09-03,920650.0,722369.4025538345,69103.84163738046,129176.75580878509
2020-09-04,1011740.0,740359.8965477225,71894.29361080288,199485.80984147463
2020-09-05,700693.0,738313.2754894163,-63235.75731352202,25615.481824105722
2020-09-06,730258.0,737556.79153025,138109.03420975505,-145407.825740005
2020-09-07,975969.0,739723.5612504926,47773.521263505114,188471.91748600232
2020-09-08,742411.0,740884.3209345437,-165369.80683738488,166896.4859028411
2020-09-09,654713.0,725724.5261129659,-104548.74432898875,33537.218216022826
2020-09-10,795943.0,722989.0367077305,75608.98071978558,-2655.0174275160534
2020-09-11,772564.0,721727.9034242694,79473.59346656922,-28637.496890838607
2020-09-12,650936.0,722045.1533965603,-65508.91089820035,-5600.242498359992
2020-09-13,850789.0,723533.230333722,132598.9868148935,-5343.217148615513
2020-09-14,770933.0,725604.0627966676,48451.90125899151,-3122.964055659133
2020-09-15,557373.0,729797.6222887343,-171625.92550654945,-798.6967821848812
2020-09-16,614309.0,735151.3482196638,-107448.83844056228,-13393.509779101587
2020-09-17,827439.0,740801.0950181441,85844.5213899219,793.3835919339908
2020-09-18,853578.0,746098.5449126587,89082.20880409078,18397.24628325051
2020-09-19,676079.0,751264.4231880807,-73714.74306541462,-1470.680122666061
2020-09-20,888597.0,756349.894341779,130316.10659279437,1930.9990654265275
2020-09-21,812782.0,761081.6391603247,49458.21951936613,2242.141320309136
2020-09-22,586414.0,765229.3741012258,-178853.101637931,37.72753670520615
2020-09-23,645143.0,768820.8693136765,-118137.76796855303,-5540.10134512349
2020-09-24,868664.0,772374.7045006597,96528.42025619539,-239.12475685507525
2020-09-25,887865.0,776276.920035096,105489.08128756909,6098.998677334865
2020-09-26,695777.0,780178.2729349643,-80937.59593853651,-3463.6769964277046
2020-09-27,912853.0,783674.9231890304,130353.68545810074,-1175.6086471311282
2020-09-28,839120.0,786733.8210498589,51593.164989005636,793.0139611354098
2020-09-29,605277.0,789497.3273610407,-187619.77664320596,3399.449282165151
2020-09-30,673484.0,792095.2159160257,-128973.69402267435,10362.478106648661
2020-10-01,898999.0,795072.962898342,102518.52166298126,1407.5154386766953
2020-10-02,899602.0,799222.3136158419,114431.65444066707,-14051.968056508922
2020-10-03,713537.0,805185.5420328674,-82641.38325057643,-9007.158782290993
2020-10-04,940229.0,813319.1821263297,133708.4747978152,-6798.656924144947
2020-10-05,857900.0,823295.3828024692,58637.89116214432,-24033.27396461356
2020-10-06,624953.0,834504.4537453579,-192638.69319029932,-16912.7605550586
2020-10-07,705110.0,846962.8286640592,-138439.9283790491,-3412.9002850101097
2020-10-08,979780.0,859904.7494060257,101249.6767556253,18625.573838348966
2020-10-09,1012171.0,872109.3635776922,115804.79924231122,24256.837179996655
2020-10-10,807471.0,882714.3862461486,-82195.93229421531,6952.546048066695
2020-10-11,1025511.0,891096.291833905,141918.90057657866,-7504.1924104837235
2020-10-12,1000148.0,897102.9270587753,63300.967344040226,39744.10559718439
2020-10-13,716582.0,901148.1488175415,-194120.04225438484,9553.893436843297
2020-10-14,755121.0,903439.1375736445,-147635.4037655713,-682.7338080732152
2020-10-15,993602.0,904270.7966825273,95459.49357095291,-6128.290253480198
2020-10-16,1015559.0,903668.3821569504,116370.79509735509,-4480.177254305454
2020-10-17,827049.0,901782.6041233091,-80619.7824570452,5886.178333736025
2020-10-18,1073202.0,899354.5733283203,148936.88643509688,24910.540236582863
2020-10-19,963188.0,897047.7789171155,70064.83869598788,-3924.617613103357
2020-10-20,699330.0,894343.0977838136,-191841.6463076666,-3171.451476147049
2020-10-21,732146.0,890888.7488328429,-150844.8957919303,-7897.853040912654
2020-10-22,978486.0,886817.150957097,87020.97504204421,4647.874000858865
2020-10-23,1002285.0,882244.2597756693,112887.31730019688,7153.422924133833
2020-10-24,795028.0,877131.8723017385,-83840.68657296467,1736.814271226176
2020-10-25,1024734.0,871396.2025217217,159090.6953469042,-5752.897868625936
2020-10-26,940208.0,866035.9790106465,68998.83317736935,5173.187811984215
2020-10-27,684389.0,859517.7244930237,-192682.07383405592,17553.34934103221
2020-10-28,705190.0,849187.4724375658,-146573.21321057144,2575.740773005644
2020-10-29,914353.0,841854.5740898092,83344.68203311197,-10846.256122921128
2020-10-30,934827.0,835057.3982995257,109606.8383366205,-9837.236636146205
2020-10-31,652126.0,829071.7918405096,-88040.01093711327,-88905.78090339631
2020-11-01,978012.0,824201.9167181608,169027.54792559348,-15217.464643754298
2020-11-02,885858.0,820832.381562045,63633.39823671675,1392.2202012382913
2020-11-03,610286.0,819377.1646876689,-196206.2649427851,-12884.899744883762
2020-11-04,673086.0,820190.9909370225,-137552.8555719066,-9552.135365115944
2020-11-05,906892.0,821630.6184729713,81274.83692644097,3986.544600587804
2020-11-06,937619.0,823707.5682884782,104944.3122548706,8967.119456651271
2020-11-07,728410.0,826430.1808528297,-92744.53246973276,-5275.648383096908
2020-11-08,1018164.0,828943.8651881526,181022.06782829648,8198.066983550903
2020-11-09,880911.0,830960.2845920817,63130.2378602221,-13179.52245230379
2020-11-10,634852.0,832019.0237469054,-204941.8894575434,7774.865710637998
2020-11-11,713636.0,832204.9255269879,-129883.30651891543,11314.38099192758
2020-11-12,912775.0,831972.5406651866,79478.58067133237,1323.8786634810967
2020-11-13,926908.0,831515.7618828458,92648.91772635905,2743.3203907951247
2020-11-14,737242.0,830869.3467299332,-94278.76378003877,651.417050105636
2020-11-15,1024079.0,830251.8926740129,196639.1420161701,-2812.0346901830053
2020-11-16,888924.0,829578.1889826999,68151.15812184622,-8805.347104546148
2020-11-17,613745.0,829758.4577804283,-213764.08130194113,-2249.3764784872765
2020-11-18,704044.0,831270.8784223903,-120415.55571793234,-6811.322704458027
2020-11-19,909515.0,833629.5171611944,73839.58936524515,2045.8934735604562
2020-11-20,1027055.0,836505.817728239,81052.946362489,109496.23590927199
2020-11-21,987446.0,838860.5732623726,-78588.76705893606,227174.1937965633
2020-11-22,1049921.0,835538.2634845097,192224.91755111676,22157.818964373553
2020-11-23,919387.0,824834.2309699269,62062.900753148264,32489.868276924826
2020-11-24,959178.0,813808.07472354,-204076.90635637147,349446.8316328315
2020-11-25,1074824.0,816221.7601241192,-121380.75532816537,379982.99520404614
2020-11-26,562697.0,806895.6763256985,69249.69365223096,-313448.36997792945
2020-11-27,821789.0,763450.6295905747,74533.57967674552,-16195.209267320111
2020-11-28,966412.0,757509.2850971103,-65076.51504973414,273979.22995262383
2020-11-29,1179933.0,743216.5033571537,182530.6870939833,254185.80954886298
2020-11-30,986538.0,735550.887806277,54848.95469237993,196138.15750134306
2020-12-01,783563.0,731364.1129269587,-193492.86476733495,245691.75184037618
2020-12-02,672765.0,718429.7145643034,-121741.09062818368,76076.37606388028
2020-12-03,779941.0,715959.6188567296,64960.81378935745,-979.4326460870216
2020-12-04,795221.0,715909.9011838927,76698.45550466592,2612.643311441294
2020-12-05,669579.0,717575.9390924566,-47969.88074444201,-27.058348014601506
2020-12-06,878711.0,719921.3728642773,172768.68780427764,-13979.060668554972
2020-12-07,745818.0,722175.9576234268,45805.289721462315,-22163.247344889096
2020-12-08,537445.0,724918.1964181486,-188107.57725961896,634.3808414704399
2020-12-09,601319.0,728513.1761682596,-122191.48835075086,-5002.687817508704
2020-12-10,795786.0,733262.9621008124,19481.513024222324,43041.52487496531
2020-12-11,831174.0,738257.8955116215,89903.91586673935,3012.1886216391576
2020-12-12,702110.0,742937.4782710732,-16136.019874740745,-24691.458396332455
2020-12-13,906851.0,746413.1737400783,164262.41592819808,-3824.5896682763705
2020-12-14,794950.0,750270.5866206188,32158.41003949834,12521.003339882824
2020-12-15,617134.0,761889.5082791164,-151753.2667091147,6997.758429998299
2020-12-16,679523.0,814812.0487939025,-41109.38142866722,-94179.66736523528
2020-12-17,901503.0,840304.6471896832,-47511.200783837216,108709.55359415407
2020-12-18,1121876.0,866166.5417240013,-27985.804753992823,283695.2630299914
2020-12-19,1121855.0,891653.5357044451,42596.6370495732,187604.82724598167
2020-12-20,1111609.0,932937.6902126644,191139.11227278435,-12467.802485448774
2020-12-21,1002953.0,962753.1313876769,47593.79851533023,-7393.929903007112
2020-12-22,1043366.0,983939.7724177497,-181878.6585593936,241304.88614164386
2020-12-23,1244556.0,994090.1137700516,36303.15781877429,214162.72841117415
2020-12-24,885065.0,1016345.8892795513,-119357.83852596987,-11923.050753581454
2020-12-25,683838.0,1035563.9833746775,-104932.14470248863,-246793.8386721888
2020-12-26,1181793.0,1052215.8930641091,108771.4170477905,20805.689888100373
2020-12-27,1334030.0,1070391.4991682926,233810.69972412023,29827.80110758706
2020-12-28,1161059.0,1073682.6207847607,70132.32622499003,17244.052990249358
2020-12-29,1069787.0,1075119.7996365393,-189916.05290354864,184583.25326700928
2020-12-30,1215423.0,1072670.0031765886,130888.28974594017,11864.707077471307
2020-12-31,914456.0,1061412.5506205547,-154724.91580507517,7768.365184520371
2021-01-01,849514.0,1050203.5605616733,-205288.03523875287,4598.47467707959
2021-01-02,1246953.0,1036820.8709752233,85246.43499199291,124885.69403278374
2021-01-03,1381448.0,1021322.9027359986,195995.72292106706,164129.37434293423
2021-01-04,1130546.0,1004809.1975803019,127352.77999702675,-1615.977577328682
2021-01-05,807837.0,999577.0384422346,-190101.004936842,-1639.03350539261
2021-01-06,705249.0,986227.4850859434,48795.276734356594,-329773.7618202999
2021-01-07,814928.0,977557.8842382707,-79055.05563392442,-83574.82860434626
2021-01-08,816271.0,971766.646371797,-125157.81316013087,-30337.83321166609
2021-01-09,750419.0,963671.7902538469,47073.57332429242,-260326.36357813934
2021-01-10,929661.0,941773.8631877705,187062.97343176254,-199175.83661953302
2021-01-11,750407.0,853314.9584449449,90898.24928047348,-193806.20772541838
2021-01-12,557517.0,829072.5720802668,-164505.37323582554,-107050.19884444121
2021-01-13,605887.0,804453.1546182561,-26638.911694218004,-171927.2429240381
2021-01-14,848662.0,722922.6778255606,-19936.222604577666,145675.5447790171
2021-01-15,945703.0,720224.7507360142,-32746.633942794902,258224.88320678065
2021-01-16,729703.0,721636.8325924071,10890.140682385954,-2823.9732747931266
2021-01-17,852305.0,722725.7825442338,144754.6971409973,-15175.479685231112
2021-01-18,921897.0,722739.8547482139,76440.20298734735,122716.94226443872
2021-01-19,597159.0,722068.3909141034,-158435.83513739792,33526.44422329462
2021-01-20,581771.0,721304.5372097713,-129010.44865324599,-10523.088556525297
2021-01-21,772086.0,719613.8943848592,51649.86983543899,822.2357797017321
2021-01-22,799000.0,717476.0714120379,43812.00187581233,37711.926712149754
2021-01-23,644793.0,715066.5649814622,-28590.726233843317,-41682.838747618836
2021-01-24,882180.0,712901.2662826977,165488.41827603112,3790.3154412711738
2021-01-25,744876.0,711607.5128766911,39019.94331553852,-5751.456192229642
2021-01-26,508467.0,711140.9371713672,-171481.07786898137,-31192.859302385827
2021-01-27,574099.0,711502.8713784,-132995.50888000862,-4408.36249839142
2021-01-28,794944.0,713034.1894446034,69001.20243979558,12908.608115601004
2021-01-29,818691.0,717712.4430568462,96690.95267477566,4287.604268378229
2021-01-30,656800.0,722824.17224762,-55339.09251573855,-10685.079731881386
2021-01-31,903496.0,728746.1353741261,178642.3175436084,-3892.4529177345103
2021-02-01,671916.0,734791.2697399841,39904.759012879236,-102780.02875286329
2021-02-02,532690.0,740974.1874413032,-200173.3599580291,-8110.827483274043
2021-02-03,619345.0,749075.6108090368,-137204.61015115082,7473.9993421140825
2021-02-04,822488.0,760015.5260730183,77863.85994048222,-15391.386013500509
2021-02-05,876937.0,773465.7606151949,103602.02574543297,-130.78636062785517
2021-02-06,707510.0,788959.3790802856,-50267.585102277684,-31181.79397800786
2021-02-07,854869.0,798310.197229208,171406.14608020976,-114847.34330941772
2021-02-08,867476.0,813764.8735970304,40028.04965679008,13683.07674617949
2021-02-09,617701.0,832287.9255900882,-211568.92774059027,-3017.997849497944
2021-02-10,735556.0,865428.6371252842,-143990.13700848626,14117.499883202137
2021-02-11,1036723.0,882363.7959827803,80137.68493426614,74221.51908295357
2021-02-12,1155618.0,897925.3489684061,110008.7434512083,147683.90758038557
2021-02-13,902559.0,911867.7904446066,-37045.90754342526,27737.11709881865
2021-02-14,950106.0,924609.1649852067,175230.08994205622,-149733.2549272629
2021-02-15,972683.0,939438.2699415241,37039.265241233756,-3794.535182757885
2021-02-16,742396.0,944752.1095008145,-221425.3726986353,19069.263197820866
2021-02-17,774699.0,946195.5516344376,-153447.28173574051,-18049.26989869715
2021-02-18,915532.0,946455.888896579,84932.43172638243,-115856.3206229615
2021-02-19,1062561.0,947550.3710600025,117748.08231753421,-2737.453377536731
2021-02-20,943723.0,949194.8957616973,-31113.855850320288,25641.96008862299
2021-02-21,1119216.0,951361.4527743568,173856.82324130277,-6002.276015659561
2021-02-22,964168.0,954701.3626787161,36208.6674233363,-26742.030102052377
2021-02-23,717867.0,957721.6629206212,-235012.01689743082,-4842.6460231903475
2021-02-24,804473.0,961525.3933812032,-163034.24453382168,5981.851152618532
2021-02-25,1054777.0,967146.6238034749,89472.24976119919,-1841.8735646741698
2021-02-26,1097941.0,973532.3751315962,125400.80534075426,-992.1804723504465
2021-02-27,919593.0,980485.8021745594,-30788.624807400076,-30104.1773671594
2021-02-28,1192326.0,987606.0510931911,195414.31817264992,9305.630734158913
2021-03-01,1049769.0,994919.3772192404,30983.902055737693,23865.720725021907
2021-03-02,744939.0,1003616.3718722677,-258045.18829274896,-632.1835795186926
2021-03-03,826947.0,1014194.1358398801,-166406.90677990246,-20840.229059977573
2021-03-04,1107943.0,1026203.017192993,96524.2598694925,-14784.27706248546
2021-03-05,1169237.0,1039787.1423402679,131633.8404338719,-2183.982774139731
2021-03-06,994275.0,1055439.8866587332,-25417.876174181012,-35747.010484552244
2021-03-07,1278653.0,1070861.5400674061,203775.96587657506,4015.494056018768
2021-03-08,1119372.0,1089166.4190894822,25430.96523804148,4774.615672476357
2021-03-09,826091.0,1108726.5738474072,-270247.18741771835,-12388.386429688893
2021-03-10,974236.0,1129747.6852015872,-170597.50436240886,15085.819160821615
2021-03-11,1287040.0,1151836.7465062262,96015.75553207895,39187.49796169484
2021-03-12,1410170.0,1195915.13783218,137014.85570395587,77240.00646386412
2021-03-13,1228317.0,1219222.7430465904,-8697.776145102267,17792.033098511863
2021-03-14,1347204.0,1242287.549310296,201515.3876404965,-96598.93695079256
2021-03-15,1268273.0,1264827.8901473142,15443.089803766543,-11997.979951080633
2021-03-16,1092791.0,1284979.2375079845,-276083.59255717864,83895.35504919407
2021-03-17,1146638.0,1315058.88956945,-172476.18942764486,4055.2998581950087
2021-03-18,1413414.0,1327452.5803594107,96103.48166447789,-10142.062023888575
2021-03-19,1478042.0,1337184.944062233,143681.39703700106,-2824.341099234065
2021-03-20,1375030.0,1344295.7375900047,7624.938083863061,23109.32432613219
2021-03-21,1556471.0,1350610.7273293578,191829.90857875597,14030.364091886207
2021-03-22,1364921.0,1356901.4780059734,5481.728861160174,2537.7931328665
2021-03-23,1090056.0,1363933.1071665962,-276463.9444990307,2586.8373324344866
2021-03-24,1177731.0,1370540.393266084,-171572.99374591256,-21236.39952017134
2021-03-25,1449187.0,1376558.0430358234,98592.13013153203,-25963.17316735536
2021-03-26,1536966.0,1383203.363602945,149768.23200660263,3994.404390452197
2021-03-27,1413260.0,1391666.4862532138,5814.544189243308,15778.96955754282
2021-03-28,1580233.0,1401106.4856372168,177789.78110042153,1336.7332623617258
2021-03-29,1415144.0,1409441.9671910098,20049.68178708532,-14347.648978095036
2021-03-30,1139738.0,1415597.9927083233,-273674.1548555799,-2185.8378527434543
2021-03-31,1282646.0,1417932.4690059898,-178238.42820469185,42951.95919870213
2021-04-01,1567562.0,1420840.236367013,103324.3208732973,43397.44275968964
2021-04-02,1588784.0,1423433.4760326142,153927.2504239709,11423.273543414893
2021-04-03,1404433.0,1423175.6834637197,-11425.385147911467,-7317.298315808177
2021-04-04,1548893.0,1421538.7390912098,173133.80245460462,-45779.54154581437
2021-04-05,1569756.0,1418201.674460566,37982.352089158456,113571.9734502756
2021-04-06,1200572.0,1413840.3717334406,-276047.56258101854,62779.19084757799
2021-04-07,1234454.0,1410374.670854352,-184591.0385760739,8670.367721721996
2021-04-08,1515715.0,1406546.059158716,117773.69144183461,-8604.750600550557
2021-04-09,1555811.0,1403011.449002919,157300.28207340528,-4500.731076324359
2021-04-10,1382954.0,1398396.8871133302,-40130.65310670805,24687.765993377892
2021-04-11,1567936.0,1393555.4055384551,178035.9687976568,-3655.374336111825
2021-04-12,1473015.0,1387001.3565702937,53226.37310992094,32787.27031978546
2021-04-13,1093419.0,1381591.9802077622,-277324.94275957294,-10848.037448189221
2021-04-14,1154820.0,1376724.6778355509,-193140.39602393477,-28764.28181161615
2021-04-15,1496171.0,1372142.7175847185,127811.49478372712,-3783.2123684457038
2021-04-16,1526424.0,1368445.1290058263,159036.16366695907,-1057.2926727854647
2021-04-17,1282409.0,1366363.6482521559,-62643.602418004586,-21311.04583415133
2021-04-18,1574791.0,1365643.8863879766,191785.5953582086,17361.518253814895
2021-04-19,1419700.0,1365735.305764644,64142.11675315827,-10177.4225178021
2021-04-20,1087776.0,1365961.75092274,-285268.3271771902,7082.57625445025
2021-04-21,1167282.0,1366203.1148615556,-200476.41654557997,1555.301684024278
2021-04-22,1512553.0,1366798.7377926533,136399.49906534672,9354.763141999952
2021-04-23,1529078.0,1367835.362986119,164997.6802206055,-3755.043206724571
2021-04-24,1267678.0,1369229.6137630253,-77657.21214885362,-23894.401614171686
2021-04-25,1573593.0,1371457.71951477,200303.66615781712,1831.61432741303
2021-04-26,1427079.0,1375116.6751462684,56779.28483540626,-4816.959981674794
2021-04-27,1083183.0,1380568.7585770406,-289610.3305050059,-7775.428072034614
2021-04-28,1187046.0,1387344.8086837772,-196921.79211752085,-3377.016566256294
2021-04-29,1528980.0,1394995.078659534,143164.43903780024,-9179.51769733429
2021-04-30,1565558.0,1403653.7577730403,170461.86894116187,-8557.62671420211
2021-05-01,1340793.0,1414416.240493329,-89588.19849320958,15964.957999880658
2021-05-02,1630261.0,1428064.514098316,195691.41577056385,6505.070131120272
2021-05-03,1470213.0,1443655.2576045033,62340.28821826979,-35782.54582277313
2021-05-04,1140584.0,1459852.5766860936,-285165.6888735638,-34102.88781252969
2021-05-05,1272679.0,1476792.7627867586,-188819.05333484913,-15294.70945190941
2021-05-06,1647819.0,1494709.9505003372,139605.84333560898,13503.206164053874
2021-05-07,1705282.0,1513920.4100340602,168553.91344065513,22807.676525284536
2021-05-08,1439280.0,1534150.5653309121,-99299.52001049399,4428.954679581802
2021-05-09,1711460.0,1553826.7195786072,191546.74918029772,-33913.46875890507
2021-05-10,1663855.0,1571498.1965853095,66673.43668643406,25683.366728256457
2021-05-11,1320930.0,1587572.4644512802,-273758.50488240656,7116.040431126254
2021-05-12,1434435.0,1602630.3994385614,-180323.4118691875,12128.012430625968
2021-05-13,1749910.0,1616844.2225149635,135337.6927287041,-2271.9152436675504
2021-05-14,1790431.0,1629605.5622321325,162683.02328891522,-1857.585521047702
2021-05-15,1520878.0,1640039.4359472382,-112718.56941032007,-6442.866536918096
2021-05-16,1859924.0,1648540.8816856088,186659.23578759082,24723.882526800502
2021-05-17,1742325.0,1656159.7511011246,70401.40754170145,15763.841357173864
2021-05-18,1414076.0,1663086.3775849717,-250384.71921565654,1374.3416306849103
2021-05-19,1500713.0,1669366.94113645,-172025.40519890995,3371.4640624599997
2021-05-20,1796354.0,1675041.5128354642,135499.71627460216,-14187.229110066313
2021-05-21,1833181.0,1679547.5416551998,146905.21598537854,6728.242359421682
2021-05-22,1558549.0,1683972.567779899,-119399.0375507648,-6024.530229134252
2021-05-23,1874277.0,1688977.5031173273,189613.98929786382,-4314.49241519114
2021-05-24,1752297.0,1694868.9097673832,58701.812212269186,-1273.7219796525314
2021-05-25,1478917.0,1700928.3866704516,-242013.0985965764,20001.711926124757
2021-05-26,1627422.0,1706808.281011793,-165248.93953728818,85862.65852549509
2021-05-27,1867067.0,1713073.6277519495,134974.13926790783,19019.23298014258
2021-05-28,1969075.0,1729120.4887297,141019.11790267605,98935.39336762391
2021-05-29,1614785.0,1735150.0391857931,-114133.41360784175,-6231.625577951316
2021-05-30,1662359.0,1740650.3627955446,190881.78605716687,-269173.1488527113
2021-05-31,1910828.0,1746347.563308193,48238.84131736535,116241.59537444147
2021-06-01,1694578.0,1752599.9417429452,-239720.5906883826,181698.64894543728
2021-06-02,1598873.0,1759117.9562733409,-160152.01178510382,-92.94448823691346
2021-06-03,1823395.0,1778886.8375784727,129930.65439861969,-85422.49197709234
2021-06-04,1896190.0,1787458.5969938377,139319.3285347944,-30587.925528632244
2021-06-05,1686932.0,1796004.0688597832,-101820.80400261673,-7251.264857166447
2021-06-06,1993494.0,1806444.4559376563,185877.7572399323,1171.7868224114645
2021-06-07,1837383.0,1819370.3990815547,42324.29663969491,-24311.69572124956
2021-06-08,1574822.0,1834098.3435569147,-236962.3763484993,-22313.967208415503
2021-06-09,1684912.0,1848529.4312150548,-152628.32868209662,-10989.102532958146
2021-06-10,1985698.0,1865782.0027197842,119805.93818022164,110.05909999413416
2021-06-11,2044087.0,1882100.0935501046,137575.09916480066,24411.807285094634
2021-06-12,1818203.0,1897675.7748048883,-91667.15473657892,12194.379931690637
2021-06-13,2104681.0,1912132.1135249326,175900.3501973429,16648.53627772443
2021-06-14,1978110.0,1924777.68139899,41394.742232701625,11937.57636830816
2021-06-15,1701213.0,1935087.0825435475,-231098.3875937928,-2775.6949497547466
2021-06-16,1805340.0,1943593.2705940306,-141374.20297193385,3120.9323779032566
2021-06-17,2047190.0,1951538.1597921723,104353.43520509604,-8701.594997268403
2021-06-18,2099797.0,1959568.6276353542,142770.22898732935,-2541.856622683583
2021-06-19,1886401.0,1967521.3110584007,-90697.96301028745,9577.651951886714
2021-06-20,2107997.0,1975314.34460346,159069.67726143808,-26387.021864898037
2021-06-21,2036775.0,1982990.2839968842,47385.26888897605,6399.447114139795
2021-06-22,1800947.0,1990609.6466668562,-214073.25350157224,24410.60683471593
2021-06-23,1866027.0,1998021.4268440083,-133639.23236166776,1644.8055176595226
2021-06-24,2095773.0,2004957.9733225354,94620.3743018741,-3805.347624409478
2021-06-25,2147042.0,2011802.0990458461,140689.74006979621,-5449.839115642477
2021-06-26,1925933.0,2018816.466830007,-93833.89292856783,950.4260985606816
2021-06-27,2181055.0,2025733.8667860783,152732.67187539826,2588.4613385235425
2021-06-28,2073847.0,2032233.2652773396,49870.08623191403,-8256.351509253727
2021-06-29,1820725.0,2035491.1502597753,-203340.21546243672,-11425.934797338676
2021-06-30,1937606.0,2039912.5182445028,-133574.29156273868,31267.773318235762
2021-07-01,2152087.0,2044430.7189662468,87528.83365381497,20127.447379938094
2021-07-02,2205102.0,2048389.7143261633,135954.90367606154,20757.381997775286
2021-07-03,1918985.0,2049937.0204301293,-90505.95160956799,-40446.06882056128
2021-07-04,1697422.0,2047955.0650427064,155300.9830123011,-505834.0480550076
2021-07-05,2167826.0,2046425.8597251305,50359.53588384868,71040.60439102096
2021-07-06,1896755.0,2044768.5917906535,-204320.23639435702,56306.644603703404
2021-07-07,1891781.0,2043418.8510230377,-136677.31579835925,-14960.53522467846
2021-07-08,2102632.0,2044248.0287438736,86081.93371838739,-27697.962462261086
2021-07-09,2158137.0,2045572.6592848802,136258.7795660901,-23694.43885097024
2021-07-10,1993017.0,2047382.0925257215,-88640.29414392821,34275.20161820669
2021-07-11,2211451.0,2049145.729103554,160271.65957530166,2033.6113211442716
2021-07-12,2100231.0,2054057.5572059702,52755.76567391185,-6582.322879882064
2021-07-13,1840503.0,2059618.4856774039,-205634.81305302534,-13480.672624378465
2021-07-14,1919907.0,2064919.0128952474,-142703.59963640725,-2308.413258840097
2021-07-15,2162549.0,2069688.3116390705,80955.93212975157,11904.756231177831
2021-07-16,2216363.0,2074398.222379899,135245.20049172654,6719.577128374483
2021-07-17,1992789.0,2079451.3660949199,-78781.71243876593,-7880.65365615394
2021-07-18,2248801.0,2084080.643270541,163591.81691125126,1128.5398182077333
2021-07-19,2147951.0,2087348.2880752597,53081.28082274253,7521.431101997849
2021-07-20,1882824.0,2088978.533024799,-210986.9112366084,4832.378211809322
2021-07-21,1947336.0,2089487.1374536927,-145546.15589698163,3395.01844328898
2021-07-22,2177183.0,2089573.3857208772,76271.93064022748,11337.683638895163
2021-07-23,2232628.0,2089292.8783543,134538.75350142884,8796.368144271197
2021-07-24,2009417.0,2088134.3968935981,-71953.31944061963,-6764.077452978585
2021-07-25,2247129.0,2086289.194753609,172551.96975743835,-11712.164511047304
2021-07-26,2135322.0,2084242.0425254572,53836.91430383544,-2756.9568292926997
2021-07-27,1872237.0,2081953.960287076,-217072.41730420923,7355.457017133245
2021-07-28,1942685.0,2079110.4030570278,-150287.27822664386,13861.87516961596
2021-07-29,2138113.0,2075449.0590290502,75354.47728338603,-12690.53631243622
2021-07-30,2209522.0,2070487.6758482442,132184.2835814835,6850.040570272366
2021-07-31,2017941.0,2063634.2844451445,-72434.0335376456,26740.749092501123
2021-08-01,2248894.0,2054933.3839092546,184242.77443123364,9717.841659511672
2021-08-02,2104204.0,2045260.0766047111,58003.75532191831,940.1680733705871
2021-08-03,1811428.0,2035167.1611266008,-225640.52812698798,1901.367000387283
2021-08-04,1867373.0,2024647.5377742923,-157940.78222445314,666.2444501607679
2021-08-05,2079440.0,2013739.513156962,80535.67014555908,-14835.18330252124
2021-08-06,2116970.0,2002907.1356020006,133723.7012359912,-19660.83683799184
2021-08-07,1927576.0,1992770.949226533,-79075.19822674232,13880.24900020915
2021-08-08,2183576.0,1983143.9267244532,195772.6987061832,4659.374569363659
2021-08-09,2032871.0,1973703.5342266166,65306.48227199016,-6139.016498606885
2021-08-10,1737189.0,1964464.8356156114,-240206.90905082616,12931.073435214814
2021-08-11,1778638.0,1955090.7099785556,-165354.14682649195,-11098.563152063638
2021-08-12,2053398.0,1944728.5857841717,93029.59210268685,15639.822113141418
2021-08-13,2071913.0,1933325.1682101667,142599.02055791343,-4011.188768080203
2021-08-14,1818071.0,1921071.279136598,-96475.1252766517,-6525.153859946411
2021-08-15,2123872.0,1907854.0520241112,203490.0595776524,12527.888398236362
2021-08-16,1984827.0,1893324.7066901096,72649.76552409031,18852.527785800165
2021-08-17,1612933.0,1877142.2501005076,-257901.3415494941,-6307.908551013563
2021-08-18,1698840.0,1859268.552097934,-172737.01977628848,12308.467678354355
2021-08-19,1951656.0,1840578.1156840704,109536.0681444217,1541.8161715078168
2021-08-20,1992705.0,1821378.1116938654,158273.7457122126,13053.142593922094
2021-08-21,1687357.0,1801942.6867509882,-113731.58550311414,-854.1012478740886
2021-08-22,1966708.0,1782424.0140637856,212493.15442978207,-28209.168493567733
2021-08-23,1830076.0,1762662.6649944196,77339.88455597161,-9926.549550391268
2021-08-24,1474442.0,1746169.5283029294,-280914.08557867,9186.557275740663
2021-08-25,1548018.0,1730380.888830634,-179066.84136855966,-3296.047462074319
2021-08-26,1829300.0,1716256.3839042822,118373.24670254064,-5329.630606822902
2021-08-27,1859603.0,1697758.8252884045,172730.30292201982,-10886.128210424213
2021-08-28,1515791.0,1686933.3946097207,-118179.10003890851,-52963.29457081226
2021-08-29,1904152.0,1677699.3232643341,238488.6870419444,-12036.010306278476
2021-08-30,1641333.0,1673024.6279049246,53842.10150035495,-85533.7294052795
2021-08-31,1351765.0,1672404.6211336819,-312221.19148280635,-8418.429650875507
2021-09-01,1473895.0,1671396.3643694257,-191353.60000626047,-6147.764363165246
2021-09-02,1913865.0,1672621.6067014749,141851.0838658114,99392.30943271378
2021-09-03,2137114.0,1677516.884929054,203955.85730034474,255641.2577706012
2021-09-04,1561225.0,1675720.3707014888,-141384.12844030498,26888.757738816086
2021-09-05,1633547.0,1674983.425938306,275421.2001530477,-316857.6260913536
2021-09-06,2034282.0,1674270.2281570432,44930.75557463072,315081.01626832597
2021-09-07,1666629.0,1673305.2979340963,-343097.7481684801,336421.4502343838
2021-09-08,1450281.0,1669409.5805833875,-208611.07149360926,-10517.509089778177
2021-09-09,1690239.0,1663478.299555166,157041.9918154462,-130281.2913706121
2021-09-10,1797588.0,1657781.5247895115,229840.47491020156,-90033.99969971296
2021-09-11,1369377.0,1660192.4365186119,-162509.71209580367,-128305.72442280827
2021-09-12,1970138.0,1663956.8963653424,317079.25309618906,-10898.149461531546
2021-09-13,1673501.0,1667778.1029686183,21412.54884456271,-15689.651813180884
2021-09-14,1276190.0,1672385.2181282293,-371944.2830613029,-24250.935066926293
2021-09-15,1457026.0,1678197.4821645685,-232990.80191739983,11819.319752831245
2021-09-16,1858720.0,1685623.8438751448,174777.8442137039,-1681.6880888487212
2021-09-17,1948844.0,1695397.8144788742,261802.83660247407,-8356.651081348304
2021-09-18,1483305.0,1704658.4473921796,-193171.08291567754,-28182.364476502175
2021-09-19,2083726.0,1713276.6582162012,342608.46055456117,27840.881229237653
2021-09-20,1824666.0,1721388.3326174968,62947.307713882845,40330.3596686204
2021-09-21,1340357.0,1729118.7954638598,-394340.18828037276,5578.392816513078
2021-09-22,1466926.0,1736392.7711413903,-258682.0162283727,-10784.75491301762
2021-09-23,1910871.0,1741720.5386477204,176153.0611646358,-7002.599812356057
2021-09-24,2026013.0,1744225.1412317813,267419.39386855613,14368.464899662416
2021-09-25,1529298.0,1745111.5370287008,-218623.96857094084,2810.431542240083
2021-09-26,2105417.0,1746532.1826335923,350879.9852142214,8004.832152186427
2021-09-27,1851991.0,1748557.0436223466,86092.98499444104,17340.971383212367
2021-09-28,1336835.0,1750384.0762584177,-391422.46630058764,-22126.60995783005
2021-09-29,1453368.0,1751494.810916263,-260800.5429783932,-37326.267937869765
2021-09-30,1937665.0,1752560.174192402,171464.0611235275,13640.764684070367
2021-10-01,2019716.0,1754469.6213381814,257455.91609177532,7790.462570043281
2021-10-02,1538107.0,1756793.7858461535,-213715.92700704467,-4970.8588391088415
2021-10-03,2103061.0,1759472.2011560667,343867.33777976024,-278.53893582709134
2021-10-04,1846687.0,1762176.958130618,93969.28168590476,-9459.239816522924
2021-10-05,1394280.0,1764185.7806317664,-385532.5348972918,15626.754265525378
2021-10-06,1576263.0,1765860.3289013803,-258249.54221058715,68652.21330920677
2021-10-07,2068329.0,1771123.5453952383,167014.4274743935,130191.02713036817
2021-10-08,2178818.0,1827031.4083190646,244911.76047533957,106874.83120559575
2021-10-09,1734033.0,1838656.0329543548,-206246.74242521275,101623.70947085787
2021-10-10,2087077.0,1852898.3462936836,332003.2823137326,-97824.62860741629
2021-10-11,2090755.0,1895089.758770422,100952.89395806268,94712.34727151529
2021-10-12,1702427.0,1898303.3789013405,-373627.8526735398,177751.47377219936
2021-10-13,1659052.0,1898014.0278841094,-245529.17521459723,6567.1473304878455
2021-10-14,2053322.0,1897039.019398983,159208.4515872083,-2925.470986191416
2021-10-15,2116988.0,1896092.739325103,230061.06631993753,-9165.80564504047
2021-10-16,1706852.0,1895604.921878074,-207610.28717249588,18857.36529442179
2021-10-17,2220642.0,1895658.6358603803,323261.2349187339,1722.1292208859231
2021-10-18,2003439.0,1895850.0180774953,117812.68915604494,-10223.707233540248
2021-10-19,1525074.0,1895045.9975763313,-357099.60270990856,-12872.39486642275
2021-10-20,1652011.0,1892522.4652410496,-244308.61280711196,3797.1475660623983
2021-10-21,2052193.0,1888509.0814935619,146262.95594177608,17420.9625646621
2021-10-22,2119017.0,1883190.713346454,217314.78570377635,18511.500949769514
2021-10-23,1684418.0,1878110.4783557334,-224918.1959592899,31225.71760355658
2021-10-24,2180380.0,1869880.0655296643,320853.36062960175,-10353.42615926615
2021-10-25,1994218.0,1853270.372058043,140214.06497851922,733.5629634377547
2021-10-26,1509452.0,1847702.3175780452,-345764.92407429876,7514.6064962535165
2021-10-27,1553733.0,1831439.6938699184,-208561.5535345296,-69145.14033538871
2021-10-28,1930016.0,1827107.3044272142,133600.49306198925,-30691.797489203513
2021-10-29,1989947.0,1824635.9625201526,207226.44746320424,-41915.409983356716
2021-10-30,1518998.0,1823621.815645755,-277902.0878715538,-26721.727774201194
2021-10-31,1850278.0,1824285.0513100114,322581.8391350964,-296588.8904451078
2021-11-01,2001864.0,1828420.9510455688,143822.52179649202,29620.527157939272
2021-11-02,1492468.0,1835224.853059994,-350013.48799980764,7256.634939813521
2021-11-03,1533093.0,1841229.6164790585,-185069.25880519327,-123067.35767386528
2021-11-04,1947471.0,1845479.1501817652,110780.3773656621,-8788.52754742722
2021-11-05,2042336.0,1847533.4445926528,173889.45848290162,20913.096924445592
2021-11-06,1584913.0,1848155.3664682235,-162150.1272528567,-101092.23921536678
2021-11-07,2155649.0,1849651.051757106,305010.29475773615,987.6534851577599
2021-11-08,1959106.0,1852409.3343633155,125505.42720219861,-18808.76156551414
2021-11-09,1459203.0,1857899.216563277,-382785.09839960287,-15911.118163674138
2021-11-10,1702552.0,1869338.466745559,-158462.06981499953,-8324.396930559305
2021-11-11,2070980.0,1881226.1956793412,86647.57423608987,103106.23008456896
2021-11-12,2008291.0,1895515.3579442597,128097.35956169156,-15321.71750595118
2021-11-13,1618028.0,1911048.8156752775,-96042.40303965456,-196978.412635623
2021-11-14,2215702.0,1927309.9005030012,267019.41016900685,21372.689327992033
2021-11-15,2022347.0,1942942.1716444197,86250.49508857384,-6845.666732993443
2021-11-16,1494701.0,1957110.7466834362,-262837.5548989693,-199572.19178446685
2021-11-17,1634212.0,1970521.9234700692,-184066.49625441438,-152243.42721565487
2021-11-18,2044622.0,1983219.7142022788,49751.04237459675,11651.243423124542
2021-11-19,2248096.0,1995662.0160243355,105371.9323215622,147062.05165410205
2021-11-20,2008922.0,2003652.5813884812,-7646.212056439159,12915.630667957943
2021-11-21,2216940.0,2009160.1170334108,226320.8500540056,-18540.967087416444
2021-11-22,2087536.0,2011403.2926908229,47444.04532993476,28688.66197924246
2021-11-23,2217635.0,2013183.4542684061,-175159.21559420566,379610.7613257994
2021-11-24,2331880.0,2011999.4367927674,-200974.6529974726,520855.2162047054
2021-11-25,1383501.0,1959956.3123925999,44586.174391924214,-621041.486784524
2021-11-26,1783938.0,1946220.724866644,101125.18947512476,-263407.9143417687
2021-11-27,2219149.0,1934414.5211020852,-82242.32359981356,366976.80249772826
2021-11-28,2458325.0,1869893.4314771635,209858.0296786691,378573.53884416725
2021-11-29,2240556.0,1865000.6189314735,26242.44166708798,349312.9394014387
2021-11-30,1818492.0,1864011.6525788377,-52894.05956600846,7374.406987170689
2021-12-01,1669185.0,1862859.293471313,-211207.22465540684,17532.9311840937
2021-12-02,1874481.0,1861441.6834470066,64078.92025704008,-51039.60370404669
2021-12-03,1956238.0,1859619.924508517,92786.50292996527,3831.5725615178235
2021-12-04,1571068.0,1858438.753915388,-153460.2011804333,-133910.55273495452
2021-12-05,2071647.0,1859828.3061152296,201901.4360245828,9917.257860187674
2021-12-06,1853893.0,1862766.54777291,18063.368014758136,-26936.9157876682
2021-12-07,1465585.0,1866886.5991013919,-36233.93722843533,-365067.66187295644
2021-12-08,1621499.0,1872256.0294648209,-209963.45714912305,-40793.57231569779
2021-12-09,1969493.0,1881726.0675449981,85111.83228850491,2655.1001664970536
2021-12-10,2053444.0,1889268.0209092805,161133.65591352468,3042.3231771946885
2021-12-11,1671592.0,1899742.7044219198,-230823.03288884764,2672.3284669278655
2021-12-12,2107361.0,1910261.6194404066,192376.19250180485,4723.188057788648
2021-12-13,1919994.0,1920015.248097114,28489.008815201792,-28510.25691231573
2021-12-14,1590394.0,1945096.5347400724,-22851.295173993163,-331851.23956607934
2021-12-15,1769605.0,1958087.4614460957,-200704.32798985217,12221.866543756332
2021-12-16,2137354.0,1970330.4657420376,149352.1621802795,17671.372077682987
2021-12-17,2235581.0,1982961.9507132883,30259.036760932806,222360.01252577896
2021-12-18,2040879.0,1994662.8059891455,-208422.59258782482,254638.78659867938
2021-12-19,2184906.0,2003913.755289461,165807.45534141688,15184.789369122125
2021-12-20,2099852.0,2007165.3394042212,84022.483366271,8664.177229507826
2021-12-21,1996071.0,2005594.430369827,-15275.23602242026,5751.8056525932625
2021-12-22,2106209.0,1999076.301625713,-194937.95958925513,302070.65796354203
2021-12-23,2197896.0,1984541.2313744116,192628.14119416018,20726.627431428293
2021-12-24,1713351.0,1972751.5907179357,-42876.6043684078,-216523.98634952796
2021-12-25,1535935.0,1958860.9304935478,-190634.56702442665,-232291.36346912128
2021-12-26,2074458.0,1941116.9358595752,147708.74253441484,-14367.678393990034
2021-12-27,2093615.0,1920957.6031820625,145225.54431805076,27431.85249988665
2021-12-28,2000891.0,1898111.5442020106,-20314.107860448894,123093.56365843839
2021-12-29,2029343.0,1873156.0110728869,-181137.09833120793,337324.087258321
2021-12-30,2069413.0,1846583.8444697051,188312.01858003493,34517.13695026003
2021-12-31,1658357.0,1819623.047714734,-159344.81119888526,-1921.2365158486646
2022-01-01,1616850.0,1775042.8435736636,-157455.86885979338,-736.9747138703242
2022-01-02,2026176.0,1752901.4024079049,139792.43216726786,133482.16542482725
2022-01-03,1921966.0,1730745.4825701157,198228.75123238115,-7008.233802496921
2022-01-04,1673499.0,1701578.9997369952,-37325.2776833648,9245.27794636949
2022-01-05,1501170.0,1672361.9282897422,-175752.32488355666,4560.396593814483
2022-01-06,1543985.0,1654029.6045384973,156910.84936469412,-266955.4539031915
2022-01-07,1518098.0,1633834.065576437,-81932.65423989797,-33803.41133653885
2022-01-08,1450135.0,1608904.7476561544,-152471.03664714118,-6298.711009013234
2022-01-09,1706857.0,1578464.509883592,160738.80321374463,-32346.313097336562
2022-01-10,1453110.0,1549685.8856793838,117054.9469673166,-213630.83264670032
2022-01-11,1129725.0,1527514.0245461545,-55437.75599151389,-342351.2685546407
2022-01-12,1234827.0,1505971.2327577483,-187435.6792812945,-83708.55347645376
2022-01-13,1543648.0,1448089.101517661,126535.34966489216,-30976.45118255308
2022-01-14,1741376.0,1432501.010367219,12632.695032522282,296242.2946002586
2022-01-15,1421612.0,1413097.9434591697,-149167.4062818709,157681.46282270108
2022-01-16,1438492.0,1405028.9796751677,188991.4634728163,-155528.4431479841
2022-01-17,1704328.0,1401588.9673156405,75663.21507282657,227075.81761153298
2022-01-18,1301256.0,1399090.774647207,-88196.9458856847,-9637.828761522193
2022-01-19,1201589.0,1400336.0751944333,-205694.8042514001,6947.729056966724
2022-01-20,1470973.0,1401763.9403617266,101726.1498068883,-32517.09016861487
2022-01-21,1514895.0,1403661.994168818,104040.29927065969,7192.706560522318
2022-01-22,1246901.0,1407234.972475478,-154877.27860257035,-5456.693872907665
2022-01-23,1649090.0,1413998.1517749669,219532.30761413102,15559.540610902244
2022-01-24,1399342.0,1421532.0353915174,155.5722010670852,-22345.607592584565
2022-01-25,1063856.0,1430707.450389101,-91920.9784460491,-274930.4719430518
2022-01-26,1200998.0,1441752.422526388,-221924.242284152,-18830.180242236005
2022-01-27,1560893.0,1453796.1210989372,107476.18922780768,-379.3103267450351
2022-01-28,1634225.0,1459253.1626864418,169999.8982664174,4971.939047140768
2022-01-29,1070815.0,1468105.3086720558,-163250.19651684357,-234040.11215521232
2022-01-30,1716055.0,1476953.798920819,223797.81037989323,15303.390699287644
2022-01-31,1539356.0,1489903.0246454186,6733.854555285012,42719.1207992963
2022-02-01,1203689.0,1521578.6403743092,-139398.41136768396,-178491.22900662525
2022-02-02,1196728.0,1533158.181101692,-237134.7846470328,-99295.39645465906
2022-02-03,1342502.0,1544852.041540995,121517.61589067495,-323867.65743167
2022-02-04,1583678.0,1556131.3883258253,211457.00101431503,-183910.3893401404
2022-02-05,1399603.0,1582502.6287899879,-163319.12988344408,-19580.49890654371
2022-02-06,1786681.0,1598140.030487308,211228.50202500165,-22687.53251230973
2022-02-07,1592651.0,1610879.7964904117,15789.340490586066,-34018.136980997864
2022-02-08,1239137.0,1621984.1313459293,-183235.50694420675,-199611.62440172257
2022-02-09,1390835.0,1635030.5191367448,-228454.7141074481,-15740.805029296782
2022-02-10,1786323.0,1650639.3822201374,129110.00704046003,6573.610739402473
2022-02-11,1918436.0,1667863.3974062908,210544.93192742017,40027.67066628905
2022-02-12,1538874.0,1682543.466097843,-150518.97941349063,6849.5133156478405
2022-02-13,1821279.0,1694103.3171388297,203517.46549106843,-76341.78262989828
2022-02-14,1737532.0,1705608.287889188,19796.20170052121,12127.51041029091
2022-02-15,1541222.0,1723726.259574361,-187799.07246427037,5294.812889909372
2022-02-16,1670550.0,1770435.0328975627,-216674.3091040946,116789.2762065318
2022-02-17,1986581.0,1793595.44478632,119900.50956729191,73085.04564638808
2022-02-18,2244042.0,1817576.6468346512,213742.35472954795,212722.9984358009
2022-02-19,1826833.0,1838150.4160789195,-130778.69568611718,119461.27960719774
2022-02-20,2068827.0,1857694.1082017955,203762.95595038316,7369.935847821413
2022-02-21,2222002.0,1879988.719681167,29719.191505956973,312294.088812876
2022-02-22,1785417.0,1893551.7915817294,-241625.23892877524,133490.44734704588
2022-02-23,1755527.0,1903555.8963765346,-196259.61016687693,48230.713790342445
2022-02-24,1988432.0,1922390.583185696,117445.41453213083,-51403.99771782686
2022-02-25,2104233.0,1926474.2924647299,196727.273623569,-18968.5660882988
2022-02-26,1842536.0,1928894.551164025,-113900.64235387975,27542.09118985478
2022-02-27,2150118.0,1930203.7757696547,209758.38543573028,10155.83879461512
2022-02-28,1984773.0,1931979.505112433,41248.49766939161,11544.997218175326
2022-03-01,1638699.0,1934596.0533909423,-267472.45077705826,-28424.602613884024
2022-03-02,1740923.0,1938482.5291210657,-177991.52917652734,-19567.999944538344
2022-03-03,2053525.0,1942041.3053987415,109977.60325743511,1506.0913438233547
2022-03-04,2139036.0,1947451.730456842,192215.02930765337,-630.7597644955385
2022-03-05,1831741.0,1961078.0305583312,-104361.31115799848,-24975.719400332775
2022-03-06,2184096.0,1977257.7709733415,207260.40450981676,-422.1754831583239
2022-03-07,2019553.0,1995946.4825661902,47845.03547620894,-24238.518042399082
2022-03-08,1657723.0,2014914.8204399627,-284535.3762529534,-72656.44418700924
2022-03-09,1850986.0,2034369.1307222024,-172074.2231840251,-11308.907538177213
2022-03-10,2185904.0,2054699.2569802036,111888.78295704068,19315.960062755737
2022-03-11,2299583.0,2075192.3462450444,192809.24879572555,31581.404959230218
2022-03-12,1998129.0,2093615.4616442982,-106358.09059059745,10871.628946299432
2022-03-13,2293374.0,2108406.708866914,205607.42838346664,-20640.137250380358
2022-03-14,2203639.0,2119441.595301547,44117.5589282328,40079.84577022027
2022-03-15,1870647.0,2125974.7323032287,-276507.0415519793,21179.309248750564
2022-03-16,2000210.0,2133680.2417474687,-163654.3362835923,30184.094536123797
2022-03-17,2231375.0,2137050.6489041434,114025.5974445575,-19701.24634870095
2022-03-18,2319876.0,2138620.154119674,189580.4627707661,-8324.61689044023
2022-03-19,2108715.0,2138403.705452498,-115370.92449891323,85682.2190464153
2022-03-20,2379182.0,2136694.0975930085,201196.5973715111,41291.3050354803
2022-03-21,2177240.0,2135390.321827476,42394.02558705732,-544.347414533142
2022-03-22,1859077.0,2134624.6834142427,-268000.60667265835,-7547.076741584111
2022-03-23,1971979.0,2132444.4201445505,-151826.32479891734,-8639.095345633104
2022-03-24,2255090.0,2130109.4492804264,113604.17783754683,11376.372882026713
2022-03-25,2304825.0,2127411.564868665,186916.27944893506,-9502.844317599665
2022-03-26,2022231.0,2124303.8853668235,-127767.83542415872,25694.950057335198
2022-03-27,2313481.0,2117794.9856055668,195182.68598861445,503.32840581890196
2022-03-28,2141002.0,2113109.785418462,41075.73112962398,-13183.516548085958
2022-03-29,1747597.0,2107677.6432206314,-262214.03018548654,-97866.61303514475
2022-03-30,1887509.0,2102696.8948054323,-136542.55852095998,-78645.33628447237
2022-03-31,2219675.0,2099058.698127363,116111.97931936466,4504.322553272359
2022-04-01,2287653.0,2096312.007878776,189768.77766281005,1572.2144584141206
2022-04-02,1922516.0,2095069.2293908654,-148705.5109514465,-23847.718439419055
2022-04-03,2206569.0,2097559.9687429997,182885.82619022077,-73876.79493322037
2022-04-04,2141153.0,2099421.814459663,43883.7681178777,-2152.582577540539
2022-04-05,1850647.0,2103770.34588369,-255934.40332961324,2811.057445923332
2022-04-06,1982006.0,2108584.7287857705,-119937.33569418668,-6641.3930915836245
2022-04-07,2227151.0,2116000.415966095,125547.47925320263,-14396.895219297614
2022-04-08,2327849.0,2121067.990820289,191958.62151042323,14822.387669287622
2022-04-09,1959523.0,2125436.490476711,-180429.02508397723,14515.534607266076
2022-04-10,2300909.0,2129261.9514791933,173801.5494848613,-2154.500964054372
2022-04-11,2188196.0,2131789.997778309,52066.892695155526,4339.109526535496
2022-04-12,1883285.0,2132863.4686184726,-251197.60614841158,1619.1375299389474
2022-04-13,2053892.0,2132722.9443191355,-104863.36857127491,26032.424252139404
2022-04-14,2354474.0,2131910.188168269,135549.91605878418,87013.89577294653
2022-04-15,2315430.0,2128568.5163300443,189485.56592093947,-2624.08225098392
2022-04-16,1903886.0,2130125.944688508,-199861.41469289354,-26378.529995614197
2022-04-17,2214376.0,2129848.901901962,171824.38964785603,-87297.29154981789
2022-04-18,2292729.0,2128183.9025024804,57501.28259046167,107043.81490705768
2022-04-19,1988681.0,2126985.217507777,-252044.07854587218,113739.86103809532
2022-04-20,2034403.0,2127839.3216908113,-103445.52865691662,10009.206966105383
2022-04-21,2288508.0,2129181.1493977155,146761.51279675405,12565.337805530522
2022-04-22,2309474.0,2128490.0186117725,185767.470796153,-4783.489407925401
2022-04-23,1915707.0,2126689.4818298775,-212140.5332619314,1158.0514320540242
2022-04-24,2298561.0,2124168.304220336,173598.8133592049,793.8824204592966
2022-04-25,2189296.0,2121326.851269579,64384.23859867072,3584.9101317501627
2022-04-26,1870392.0,2117795.697487313,-252002.06799946408,4598.370512151159
2022-04-27,1999806.0,2113935.6558304504,-111291.52285367665,-2838.1329767736606
2022-04-28,2267171.0,2109432.9036544017,155669.0220395429,2069.074306055438
2022-04-29,2286852.0,2104427.9226858756,183447.89961452963,-1023.8223004052415
2022-04-30,1885701.0,2099756.952889423,-216733.15098219964,2677.1980927768163
2022-05-01,2279287.0,2096440.4957222245,170208.06115229565,12638.443125479855
2022-05-02,2146993.0,2094546.5860201665,73349.50145424405,-20903.087474410655
2022-05-03,1827782.0,2093823.1693212048,-245973.02811728543,-20068.141203919426
2022-05-04,1962832.0,2095023.6429952495,-119032.57807349254,-13159.064921756973
2022-05-05,2240816.0,2098531.426076829,154659.5854005822,-12375.011477411259
2022-05-06,2292080.0,2104409.743719326,177019.6318945742,10650.624386100098
2022-05-07,1884883.0,2113006.304944377,-217888.41440104865,-10234.890543328132
2022-05-08,2255547.0,2123920.583989643,164429.15773974682,-32802.741729389876
2022-05-09,2244645.0,2136205.7895910917,79918.00895840516,28521.201450502966
2022-05-10,1908906.0,2149366.502364684,-228382.75434790237,-12077.74801678164
2022-05-11,2030630.0,2162565.240537506,-116341.04922203228,-15594.191315473989
2022-05-12,2337876.0,2175536.907975432,151835.05602445942,10504.036000108812
2022-05-13,2358444.0,2187489.472703255,164689.74798901752,6264.779307727702
2022-05-14,1984654.0,2197307.6708472534,-224403.04987314896,11749.379025895614
2022-05-15,2399801.0,2204972.329587832,151879.2373475248,42949.43306464329
2022-05-16,2282944.0,2211304.1686305115,86693.56100173043,-15053.729632242117
2022-05-17,2042144.0,2216029.6560852258,-210003.9962095012,36118.340124275535
2022-05-18,2117010.0,2219554.1735085635,-102791.20543101954,247.03192245587707
2022-05-19,2366865.0,2222373.264560539,151285.56987511046,-6793.834435649216
2022-05-20,2356404.0,2225088.844490266,150173.16762636293,-18858.0121166287
2022-05-21,1999651.0,2228362.6389725786,-231878.535285667,3166.8963130884804
2022-05-22,2364240.0,2232183.862608306,149663.74486610372,-17607.607474409975
2022-05-23,2339945.0,2235863.2049967134,83513.66701157845,20568.127991707996
2022-05-24,2034843.0,2238890.1700116177,-195263.5861961568,-8783.583815461025
2022-05-25,2165771.0,2241841.90102549,-92727.69854911474,16656.79752362473
2022-05-26,2399579.0,2244324.2298949505,143400.06013050163,11854.709974547848
2022-05-27,2397928.0,2246230.149135104,139859.36420759629,11838.486657299567
2022-05-28,2000335.0,2247178.611500707,-226875.27821888996,-19968.333281816915
2022-05-29,2103022.0,2245595.9150890745,148501.5765103588,-291075.49159943336
2022-05-30,2319237.0,2236802.1525567165,76614.479235906,5820.368207377382
2022-05-31,2114935.0,2233821.4715310843,-189664.39687438618,70777.92534330208
2022-06-01,2023231.0,2231874.391676826,-87180.2870062424,-121463.10467058374
2022-06-02,2228271.0,2231104.2436265303,127888.19282095197,-130721.43644748209
2022-06-03,2347283.0,2230867.3917641104,137814.41703932965,-21398.80880344007
2022-06-04,1992251.0,2237067.154076428,-205292.18856605876,-39523.96551036928
2022-06-05,2396442.0,2243676.2752610384,144730.81640357952,8034.908335382119
2022-06-06,2286429.0,2252057.061672874,73193.0027061422,-38821.06437901594
2022-06-07,2067274.0,2261786.0841483935,-185968.71614502525,-8543.368003368378
2022-06-08,2175579.0,2270037.7227088693,-89784.29390323367,-4674.428805635776
2022-06-09,2396538.0,2282272.054577866,112833.68953035786,1432.255891776178
2022-06-10,2443671.0,2293401.1778851068,135563.84580398918,14705.976310904138
2022-06-11,2153865.0,2302819.9949138467,-178651.7002368774,29696.705323030706
2022-06-12,2456971.0,2310167.558763398,139752.11193344777,7051.329303154256
2022-06-13,2389152.0,2315495.093493706,68467.91217153562,5188.994334758259
2022-06-14,2139865.0,2318944.1837304826,-182528.42550069024,3449.2417702074163
2022-06-15,2238873.0,2321147.9249470495,-100092.83996864573,17817.915021596476
2022-06-16,2387496.0,2323570.014600987,103603.68405769415,-39677.69865868101
2022-06-17,2454485.0,2325171.6589254043,138622.03137963888,-9308.690305043012
2022-06-18,2186387.0,2326488.6308441814,-152922.63628757565,12821.005443394184
2022-06-19,2398687.0,2327687.07543245,130724.43232262957,-59724.50775507977
2022-06-20,2431925.0,2329229.5561578237,63779.12557175982,38916.318270416465
2022-06-21,2158912.0,2331332.611055035,-182834.7260408992,10414.114985864144
2022-06-22,2197876.0,2333335.7782621467,-109967.04091358565,-25492.737348561175
2022-06-23,2453936.0,2334200.0248212446,108257.21031281179,11478.764865943696
2022-06-24,2471808.0,2334627.109882703,146292.47546697612,-9111.585349678993
2022-06-25,2198435.0,2335243.8727949746,-145021.2908358319,8212.418040857185
2022-06-26,2469720.0,2336238.051291725,133107.29885319978,374.6498550749384
2022-06-27,2374892.0,2337183.1803584755,54653.11241903034,-16944.292777505703
2022-06-28,2147125.0,2337447.363771477,-190283.77599637187,-38.58777510467917
2022-06-29,2237932.0,2337276.5545465117,-118322.84833697398,18978.293790462427
2022-06-30,2455588.0,2336805.7834346034,113459.94467721904,5322.271888177376
2022-07-01,2501366.0,2334908.569502283,151204.20177736692,15253.228720350191
2022-07-02,2169068.0,2331533.371555605,-140633.92120305824,-21831.45035254676
2022-07-03,2102878.0,2325800.0142373717,140274.6777107405,-363196.69194811233
2022-07-04,2086854.0,2300910.5607888186,43961.30317378848,-258017.86396260723
2022-07-05,2209031.0,2298628.07445575,-195761.48108640127,106164.4066306511
2022-07-06,2136035.0,2292571.8358290615,-116343.29419833772,-40193.541630723514
2022-07-07,2245980.0,2282779.5725097796,113297.8949141828,-150097.46742396243
2022-07-08,2288984.0,2281250.144626205,150724.66608902658,-142990.81071523158
2022-07-09,2145996.0,2283182.4193118215,-136692.35383813738,-494.06547368410975
2022-07-10,2443836.0,2286149.704098319,148061.17947678154,9625.116424899083
2022-07-11,2318551.0,2289726.7855993435,37526.844413078594,-8702.630012421869
2022-07-12,2072335.0,2293097.827147868,-198696.20620185893,-22066.620946009178
2022-07-13,2188234.0,2296295.0060956003,-112452.35437444034,4391.348278840072
2022-07-14,2402480.0,2300178.05520806,107510.80400799199,-5208.8592160521075
2022-07-15,2449536.0,2305602.890782012,145626.9131432003,-1693.8039252124727
2022-07-16,2196011.0,2311570.128956414,-131083.170933539,15524.04197712522
2022-07-17,2453236.0,2317346.532339327,152915.8161995056,-17026.34853883274
2022-07-18,2363728.0,2321837.206787233,41501.03385732018,389.7593554472551
2022-07-19,2142454.0,2325053.6385014644,-200783.6503590113,18184.011857546866
2022-07-20,2226450.0,2327689.0448999493,-110938.79171410162,9699.746814152226
2022-07-21,2440027.0,2330227.7393689477,98180.25328416575,11619.007346886676
2022-07-22,2464194.0,2332738.946789809,136911.06225056824,-5456.009040377103
2022-07-23,2190483.0,2334476.734017617,-122029.9753846707,-21963.758632946294
2022-07-24,2494885.0,2334869.9211412887,158794.39026826737,1220.6885904441588
2022-07-25,2386005.0,2334523.8225052743,54058.245387318224,-2577.0678925924003
2022-07-26,2146087.0,2334003.736460212,-203959.2223796719,16042.485919459723
2022-07-27,2238047.0,2332993.113832709,-119611.48531148204,24665.371478773188
2022-07-28,2414062.0,2330345.3359958474,92195.353965428,-8478.689961275551
2022-07-29,2464079.0,2324791.6403843467,134016.31542481348,5271.044190839864
2022-07-30,2211091.0,2316576.1464164825,-122154.11325942457,16668.96684294194
2022-07-31,2486969.0,2307524.9988108063,164133.36129175025,15310.639897443354
2022-08-01,2373400.0,2299251.181617443,64519.257462011105,9629.560920545831
2022-08-02,2053497.0,2292346.82971621,-205112.7181614643,-33737.111554745585
2022-08-03,2117390.0,2286114.899987219,-129663.79929408534,-39061.10069313366
2022-08-04,2360671.0,2279699.0044707,95025.60003035761,-14053.604501057416
2022-08-05,2406372.0,2273554.2018224415,136758.51900527856,-3940.720827720128
2022-08-06,2178405.0,2268395.4920766903,-130832.79186846004,40842.29979176959
2022-08-07,2438788.0,2264167.5066963905,166145.32405990802,8475.169243701734
2022-08-08,2340305.0,2259496.182079938,73168.41265932343,7640.405260738917
2022-08-09,2049473.0,2252834.548984684,-205539.40542535108,2177.856440667063
2022-08-10,2112967.0,2244354.5727341175,-142339.56889524742,10951.996161129791
2022-08-11,2340082.0,2235277.1635698806,106111.25596564534,-1306.4195355260745
2022-08-12,2361142.0,2226804.9229573584,142887.1090315349,-8550.03198889317
2022-08-13,2058033.0,2219802.0848723166,-151430.2534124999,-10338.831459816545
2022-08-14,2360307.0,2214194.685130402,166693.13483752665,-20580.81996792881
2022-08-15,2276507.0,2209748.3590851463,79551.74009613565,-12793.099181281868
2022-08-16,2016730.0,2206014.393760367,-198980.92101094444,9696.527250577696
2022-08-17,2051652.0,2202582.1394316074,-146474.5006890315,-4455.638742575888
2022-08-18,2335005.0,2198725.7864178913,122952.5743855152,13326.639196593314
2022-08-19,2358565.0,2193719.184286923,148167.07316244408,16678.742550632916
2022-08-20,2014843.0,2186982.513642243,-188594.140544368,16454.626902124844
2022-08-21,2348153.0,2178511.065563905,169400.61428330126,241.32015279354528
2022-08-22,2260555.0,2168839.355870346,87124.49400495515,4591.150124698877
2022-08-23,1960482.0,2158864.929292808,-195418.6377350393,-2964.29155776836
2022-08-24,1997252.0,2151411.469956731,-145132.1338792654,-9027.336077465676
2022-08-25,2263665.0,2144445.6108182934,145253.13895914578,-26033.74977743905
2022-08-26,2284831.0,2139296.7984715477,153061.75276714654,-7527.551238694228
2022-08-27,1888903.0,2136073.941150741,-222021.19083757355,-25149.75031316746
2022-08-28,2319869.0,2137343.7157897754,184762.82001444034,-2237.5358042158186
2022-08-29,2100205.0,2139565.8714230326,93561.17272531783,-132922.04414835037
2022-08-30,1768473.0,2142851.3932402795,-239650.95794613994,-134727.43529413966
2022-08-31,2009736.0,2147057.3960328037,-145575.91295752017,8254.516924716532
2022-09-01,2324033.0,2148594.851574679,169460.23341813215,5977.915007188916
2022-09-02,2479578.0,2152024.0144307613,183249.67987159794,144304.30569764087
2022-09-03,1903950.0,2153701.942517005,-248654.68560381685,-1097.2569131879136
2022-09-04,1979923.0,2153013.8932865933,196025.27532921478,-369116.168615808
2022-09-05,2409938.0,2135547.8468220835,95533.87954477374,178856.27363314293
2022-09-06,2088456.0,2134411.0612646905,-264460.73221432103,218505.67094963044
2022-09-07,1835889.0,2132991.947039325,-153308.5203312128,-143794.426708112
2022-09-08,2120200.0,2128235.6443523997,186730.81239947357,-194766.45675187325
2022-09-09,2224222.0,2124516.7068706183,205169.66286471975,-105464.36973533803
2022-09-10,1828963.0,2127457.3129559583,-256764.75892510347,-41729.55403085472
2022-09-11,2340559.0,2130518.822419226,205204.74635954798,4835.431221225765
2022-09-12,2230866.0,2133230.111265123,98209.6782500174,-573.7895151404664
2022-09-13,1816435.0,2135625.6797265736,-305880.1488074531,-13310.530919120647
2022-09-14,1976151.0,2137984.5708229966,-165515.78879514575,3682.217972149141
2022-09-15,2357970.0,2140821.2628958537,198334.4185526993,18814.318551446777
2022-09-16,2375510.0,2143860.87456895,233668.1753106461,-2019.049879596103
2022-09-17,1888228.0,2146177.531310039,-257361.4961475804,-588.035162458662
2022-09-18,2349493.0,2148093.309278471,205357.63505937776,-3957.944337848574
2022-09-19,2227301.0,2149877.226420523,86466.53888087126,-9042.765301394276
2022-09-20,1898568.0,2151591.1501205955,-288797.05639996706,35773.906279371586
2022-09-21,1960592.0,2153028.5186246466,-178720.37843472292,-13716.140189923812
2022-09-22,2335489.0,2153540.0392851317,191236.16925659945,-9287.20854173135
2022-09-23,2405872.0,2153035.43667836,244238.08269501082,8598.480626628734
2022-09-24,1914884.0,2152066.1358448244,-251039.28344201707,13857.147597192787
2022-09-25,2362292.0,2150699.0768316016,192130.52030128872,19462.402867109515
2022-09-26,2229901.0,2147974.167033495,81610.24576292608,316.5872035790235
2022-09-27,1842212.0,2133855.4846071303,-266620.74975812645,-25022.734849004075
2022-09-28,1724121.0,2125895.3236675896,-176672.7341542988,-225101.58951329067
2022-09-29,2000766.0,2119517.099260726,175886.0078473122,-294637.10710803815
2022-09-30,2143343.0,2121260.658678342,231967.180083709,-209884.8387620512
2022-10-01,1868495.0,2126850.95821113,-238695.21940459323,-19660.738806536887
2022-10-02,2279898.0,2130321.188662533,188973.8734266209,-39397.06208915403
2022-10-03,2099505.0,2165102.635993477,76668.62058079678,-142266.2565742738
2022-10-04,1802567.0,2158407.426058228,-250681.80815388713,-105158.61790434108
2022-10-05,1996446.0,2179320.768540309,-167623.65828148142,-15251.110258827452
2022-10-06,2376101.0,2215155.4692223617,165373.51457137405,-4427.98379373597
2022-10-07,2473989.0,2229543.302152964,211351.4531323708,33094.24471466523
2022-10-08,2018002.0,2239364.061807068,-230428.4726868888,9066.410879820585
2022-10-09,2425613.0,2245429.9959972785,189971.1681714248,-9788.16416870337
2022-10-10,2330624.0,2250194.748970661,73415.02205719813,7014.228972141165
2022-10-11,2046661.0,2254516.322710839,-238570.12660743739,30714.803896598518
2022-10-12,2119772.0,2256016.6698699417,-153130.0852306673,16885.415360725485
2022-10-13,2413700.0,2255210.693679058,156970.28225079054,1519.024070151616
2022-10-14,2412403.0,2253541.466638095,181977.43788233193,-23115.904520427343
2022-10-15,2036937.0,2251225.7195177297,-221777.76644436558,7489.046926635783
2022-10-16,2475395.0,2248133.9952837517,198064.20446528477,29196.800250963308
2022-10-17,2294755.0,2244481.5327247027,77045.22737717933,-26771.760101882275
2022-10-18,2003403.0,2240421.859138072,-222915.98671687194,-14102.872421199922
2022-10-19,2110090.0,2236431.202838985,-139626.80219672332,13285.599357738625
2022-10-20,2429402.0,2232146.1345276264,142340.6586157594,54915.20685661398
2022-10-21,2375559.0,2227435.7151118447,150691.3977865999,-2568.112898444757
2022-10-22,2005659.0,2222402.598427188,-213809.94939050628,-2933.649036681745
2022-10-23,2416107.0,2216679.3359472887,219153.84970765255,-19726.185654941015
2022-10-24,2322585.0,2210008.5345354164,71051.24163598065,41525.22382860305
2022-10-25,1981651.0,2204710.458644155,-215437.55486814826,-7621.903776006773
2022-10-26,2057463.0,2200531.8905505515,-144990.09297943697,1921.20242888527
2022-10-27,2310460.0,2197027.005808724,129563.0247751033,-16130.03058382729
2022-10-28,2312356.0,2193289.1296901153,141715.35647808044,-22648.48616819596
2022-10-29,1830454.0,2183236.238407527,-210419.7858732123,-142362.4525343147
2022-10-30,2241429.0,2176722.1377857095,231817.75897228715,-167110.89675799664
2022-10-31,1925032.0,2171028.0218961146,63540.91371825244,-309536.935614367
2022-11-01,1978549.0,2167190.8913234835,-216738.2861202899,28096.394796806388
2022-11-02,1897396.0,2159761.5085974904,-162257.67105166425,-100107.8375458261
2022-11-03,2253501.0,2155454.527569557,103143.8023632087,-5097.3299327655695
2022-11-04,2272855.0,2151222.554253309,133724.80064342267,-12092.354896731675
2022-11-05,1924975.0,2147233.362469449,-105330.91214294093,-116927.45032650814
2022-11-06,2396744.0,2144645.269403093,225766.19800801855,26332.532588888425
2022-11-07,2168053.0,2144179.8146748687,40376.48597308196,-16503.30064795073
2022-11-08,1896916.0,2147125.0481751002,-239278.96176244647,-10930.086412653793
2022-11-09,1945183.0,2152819.8797341506,-187355.40635407457,-20281.473380076233
2022-11-10,2203214.0,2159576.1374085937,84351.3645509174,-40713.50195951108
2022-11-11,2309163.0,2172680.376095324,130741.7420517981,5740.881852878258
2022-11-12,1945373.0,2184461.8559673796,-7828.512524766346,-231260.34344261326
2022-11-13,2411406.0,2196970.6359755695,206514.6916768769,7920.67234755354
2022-11-14,2229804.0,2207554.7218101462,6296.636079837539,15952.642110016197
2022-11-15,1892613.0,2214772.0521236225,-193499.63504299446,-128659.41708062799
2022-11-16,2034880.0,2218774.97675184,-195122.26328110637,11227.286529266275
2022-11-17,2326100.0,2219632.029111776,74117.05270915781,32350.918179066386
2022-11-18,2458089.0,2218514.6276236298,102606.3188591343,136968.0535172359
2022-11-19,2214717.0,2217046.288911176,-7446.394094794313,5117.105183618609
2022-11-20,2385400.0,2214714.215890079,187501.4108287468,-16815.62671882566
2022-11-21,2201022.0,2211223.639628793,11000.342523080844,-21201.982151873875
2022-11-22,2370351.0,2206530.1413389063,-154318.64576583094,318139.5044269245
2022-11-23,2465337.0,2198417.779174553,-186500.15106806977,453419.37189351674
2022-11-24,1426195.0,2138730.359837783,81804.36625851029,-794339.7260962934
2022-11-25,1984980.0,2124999.0574676716,106890.57536236629,-246909.63283003797
2022-11-26,2336633.0,2110156.905184546,-81711.65387006178,308187.74868551595
2022-11-27,2639616.0,2057355.2860617968,181082.83262881535,401177.88130938774
2022-11-28,2389672.0,2054451.9437665453,23430.522714114726,311789.53351934
2022-11-29,1954785.0,2056390.6536520787,-96653.76672638326,-4951.886925695464
2022-11-30,1893497.0,2060071.317996084,-178415.12633065498,11840.808334571077
2022-12-01,2113719.0,2063648.1837141558,96987.0162669105,-46916.1999810664
2022-12-02,2132571.0,2066883.7964883386,76802.55232020146,-11115.348808540031
2022-12-03,1788666.0,2072192.8078810922,-153966.42243026284,-129560.38545082929
2022-12-04,2261227.0,2078958.565082166,176846.25361136542,5422.181306468556
2022-12-05,2134176.0,2086266.264701762,34561.750290961594,13347.985007276526
2022-12-06,1752091.0,2094350.507616739,-63977.46526177085,-278282.04235496814
2022-12-07,1883346.0,2102783.8979860567,-183454.98321988332,-35982.914766173344
2022-12-08,2220053.0,2112468.718287836,96839.65469919544,10744.627012968529
2022-12-09,2295917.0,2119182.9777409257,172124.5520500975,4609.470208976883
2022-12-10,1886068.0,2128386.332127325,-238181.31366988085,-4137.018457443919
2022-12-11,2293624.0,2138562.854785461,161699.01277476278,-6637.867560223676
2022-12-12,2167861.0,2148683.2789710998,40613.12317466606,-21435.40214576572
2022-12-13,1810814.0,2169948.892071889,-38214.9513541557,-320919.940717733
2022-12-14,1993063.0,2181098.880671301,-194087.32322953685,6051.4425582359545
2022-12-15,2298485.0,2191807.239334041,84840.60758485238,21837.153081106953
2022-12-16,2453178.0,2203575.664111388,193285.68837414862,56316.6475144634
2022-12-17,2233861.0,2213952.602870237,-237520.7687191698,257429.1658489327
2022-12-18,2357086.0,2220151.602741696,135332.6024131548,1601.7948451493867
2022-12-19,2264761.0,2223429.057130428,38704.47191104434,2627.4709585276432
2022-12-20,2216373.0,2224615.3861052976,-9969.118612124943,1726.7325068274513
2022-12-21,2428528.0,2220353.676158899,-184149.0391664617,392323.3630075627
2022-12-22,2366608.0,2203693.504026073,51403.252881429195,111511.24309249781
2022-12-23,2096506.0,2196982.2335807052,212799.1912291221,-313275.42480982747
2022-12-24,1834551.0,2191148.0707263313,-235765.38864786667,-120831.68207846466
2022-12-25,1800463.0,2183925.3923748247,117743.54822528419,-501205.9406001088
2022-12-26,2218145.0,2168940.1529413383,48486.513283791275,718.3337748702615
2022-12-27,2178719.0,2167659.895928846,9212.646112824945,1846.4579583290033
2022-12-28,2153682.0,2167347.685775759,-172357.6402680405,158691.9544922812
2022-12-29,2178433.0,2166868.537707787,10880.331127676876,684.1311645363458
2022-12-30,2383422.0,2165628.438312601,217643.6146421469,149.94704525219277
2022-12-31,1935413.0,2163789.716123544,-228057.6109437395,-319.1051798048429
2023-01-01,2046950.0,2161413.193870565,114547.54798680343,-229010.74185736827
2023-01-02,2368194.0,2154725.244408426,58495.15282119479,154973.60277037928
2023-01-03,2212528.0,2151726.3979639146,-27334.296251736636,88135.89828782203
2023-01-04,1985965.0,2148532.9772620904,-159690.7485003485,-2877.2287617418915
2023-01-05,2031976.0,2143482.0280632605,44967.11923802422,-156473.1473012846
2023-01-06,2043547.0,2141231.4853644804,213511.96627036427,-311196.45163484477
2023-01-07,1917290.0,2140496.102081236,-222321.41554954147,-884.686531694606
2023-01-08,2226917.0,2139991.4163666144,89595.9302356784,-2670.3466022927314
2023-01-09,2009868.0,2133545.7470225287,62703.80973356942,-186381.55675609806
2023-01-10,1678250.0,2057181.0741711622,-51286.39314248526,-327644.6810286769
2023-01-11,1723117.0,2026320.7002367692,-185917.3446621665,-117286.35557460273
2023-01-12,2189475.0,2001796.2673575117,76129.18246914416,111549.55017334432
2023-01-13,2316713.0,1975012.2973486253,205994.737794219,135705.9648571557
2023-01-14,1803651.0,1894277.3723975827,-232143.89682317685,141517.52442559414
2023-01-15,2038119.0,1889868.8692532405,151090.94295737645,-2840.8122106168885
2023-01-16,2244873.0,1890750.6452128757,87807.28256762239,266315.0722195017
2023-01-17,1803155.0,1892652.027965592,-90750.7999066243,1253.7719410322607
2023-01-18,1674129.0,1895015.2738754307,-213212.1397941832,-7674.1340812474955
2023-01-19,1997346.0,1897098.4351662607,107166.78512539393,-6919.220291654579
2023-01-20,2089417.0,1898720.2150757439,197916.46594437887,-7219.68102012272
2023-01-21,1662736.0,1900356.377891891,-235890.11073574988,-1730.2671561411116
2023-01-22,2141703.0,1903627.4850488396,205055.643502286,33019.87144887447
2023-01-23,1970280.0,1904881.4462493265,61121.103763254476,4277.449987419182
2023-01-24,1567069.0,1905383.6344581002,-169238.19409547397,-169076.44036262622
2023-01-25,1677909.0,1904758.2138679062,-212273.4798318064,-14575.734036099864
2023-01-26,2097825.0,1902784.6302622478,132363.19908651963,62677.17065123259
2023-01-27,2122066.0,1899649.3363692057,211528.06751220537,10888.596118588932
2023-01-28,1653401.0,1896818.4751969762,-236825.3581895846,-6592.117007391527
2023-01-29,2144644.0,1894374.2716919861,244155.76898233392,6113.959325680044
2023-01-30,1932983.0,1891464.7950699453,64627.687326641695,-23109.48239658703
2023-01-31,1534786.0,1893306.5894661979,-243294.80163871747,-115225.78782748035
2023-02-01,1608110.0,1898187.006803703,-198400.38379958709,-91676.62300411589
2023-02-02,2042277.0,1904384.252062113,153143.67999852094,-15250.932060634019
2023-02-03,2102998.0,1911033.0426657235,231235.50661934642,-39270.54928506981
2023-02-04,1669806.0,1932670.1063843262,-220568.05515363754,-42296.05123068858
2023-02-05,2202873.0,1944421.1857999428,249993.6149008596,8458.199299197644
2023-02-06,2040256.0,1955010.4405753282,72382.33846514877,12863.220959522994
2023-02-07,1626257.0,1965309.9816328615,-334529.14786530525,-4523.8337675563525
2023-02-08,1796332.0,1975632.1336437166,-182140.43051455356,2840.296870836988
2023-02-09,2158573.0,1984410.0016217276,159970.23805411952,14192.760324152885
2023-02-10,2254803.0,1991079.071809836,240022.9544482019,23700.97374196211
2023-02-11,1809116.0,1996295.0375259658,-195146.0526623991,7967.0151364333
2023-02-12,2113837.0,2000596.2507828062,238052.12238925297,-124811.37317205919
2023-02-13,2073820.0,2004998.5911108602,67245.76019235305,1575.648696786724
2023-02-14,1674639.0,2011905.6077188223,-330675.194524487,-6591.413194335299
2023-02-15,2017144.0,2034680.3982991297,-169482.71784713137,151946.3195480015
2023-02-16,2339970.0,2048604.8693372437,150151.40849071622,141213.72217204026
2023-02-17,2509923.0,2065307.6039863725,234389.62523736095,210225.77077626646
2023-02-18,2065901.0,2083159.4500740936,-173203.15470979514,155944.70463570138
2023-02-19,2319072.0,2100603.304217755,223680.8073883526,-5212.111606107559
2023-02-20,2479184.0,2154772.34042637,57776.87458280421,266634.7849908257
2023-02-21,2116450.0,2166253.578474794,-323512.31742477824,273708.7389499843
2023-02-22,2006058.0,2173873.543190717,-156075.09575046567,-11740.447440251708
2023-02-23,2322309.0,2180933.544262708,142597.15156636524,-1221.6958290734328
2023-02-24,2425335.0,2187351.9665940753,219980.53011003614,18002.50329588866
2023-02-25,2057210.0,2191819.515854955,-155620.49364641195,21010.97779145697
2023-02-26,2402716.0,2193539.1063851216,213583.56422597647,-4406.670611097943
2023-02-27,2235417.0,2194103.9495813637,50263.96792193065,-8950.917503294535
2023-02-28,1890744.0,2194378.9748625965,-317362.2296104127,13727.254747816361
2023-03-01,2066150.0,2194821.800825869,-139145.84102461775,10474.040198748466
2023-03-02,2316735.0,2196374.131950458,134226.01231671585,-13865.14426717395
2023-03-03,2375579.0,2200104.6505167885,195095.94935041762,-19621.599867206067
2023-03-04,2040488.0,2206111.3634050465,-139890.6212870713,-25732.742117975373
2023-03-05,2422425.0,2212367.708428977,216021.59547199344,-5964.303900970612
2023-03-06,2265014.0,2219108.609117057,47896.869218594205,-1991.478335651569
2023-03-07,1908536.0,2229290.4866831554,-315175.7847055758,-5578.701977579854
2023-03-08,2130141.0,2255219.48631372,-125883.50435160888,805.0180378891528
2023-03-09,2417279.0,2271656.839113911,128924.93410986518,16697.22677622363
2023-03-10,2562561.0,2288496.006332553,176042.65932480595,98022.33434264082
2023-03-11,2279320.0,2304376.132267104,-129350.37465755845,104294.24239045428
2023-03-12,2539093.0,2318941.571300585,217607.0441569884,2544.38454242656
2023-03-13,2393346.0,2332663.9226039066,52190.65471241041,8491.422683682758
2023-03-14,2026905.0,2349058.2607962633,-316444.1048990656,-5709.155897197779
2023-03-15,2284299.0,2355730.6832802696,-125523.19828953786,54091.51500926819
2023-03-16,2483683.0,2358749.60979712,126791.20712029452,-1857.816917414777
2023-03-17,2517226.0,2360920.6170275244,165645.98034758537,-9340.597375109792
2023-03-18,2278805.0,2360872.9720084164,-119311.6935408425,37243.72153242584
2023-03-19,2608462.0,2359067.593179045,212065.52616199732,37328.88065895811
2023-03-20,2414648.0,2355685.4490089305,53165.12923211565,5797.421758953948
2023-03-21,2038001.0,2351182.537326769,-309893.7994178321,-3287.737908937037
2023-03-22,2203488.0,2346325.863738688,-128076.86832882193,-14760.99540986633
2023-03-23,2451051.0,2341056.02244653,132203.29937846476,-22208.32182499487
2023-03-24,2508221.0,2336498.574553035,166390.45100322537,5331.97444373928
2023-03-25,2208541.0,2334081.9543501385,-124824.28044515045,-716.6739049879834
2023-03-26,2522600.0,2334096.0798123158,203384.83505243933,-14880.914864755236
2023-03-27,2383816.0,2335755.226831095,52579.91130287284,-4519.138133967761
2023-03-28,2039138.0,2338119.443636024,-293270.4321055919,-5711.011530431919
2023-03-29,2210676.0,2341597.9124074895,-135574.49594669614,4652.583539206535
2023-03-30,2487147.0,2344089.6444619363,151385.5553401262,-8328.199802062474
2023-03-31,2536088.0,2346785.0961233224,168310.17616937732,20992.727707300335
2023-04-01,2253892.0,2349390.0293943738,-164464.64086015415,68966.61146578053
2023-04-02,2545494.0,2350497.242084752,203353.3435891197,-8356.58567387145
2023-04-03,2404966.0,2349365.1050699344,61891.986947104524,-6291.092017038725
2023-04-04,2080546.0,2346650.502697686,-285180.7804341564,19076.277736470103
2023-04-05,2209680.0,2343583.9638701575,-140688.1117621901,6784.14789203275
2023-04-06,2532778.0,2340464.284268578,168820.38913055358,23493.326600868255
2023-04-07,2475896.0,2336955.87124565,173302.52872227403,-34362.399967924226
2023-04-08,2093075.0,2332471.1832553684,-200006.32427517913,-39389.85898018908
2023-04-09,2387558.0,2325146.7093730834,211189.44859817074,-148778.15797125408
2023-04-10,2523060.0,2328728.8053790387,73207.42409835549,121123.77052260563
2023-04-11,2132314.0,2330907.658323361,-286647.00436742825,88053.3460440673
2023-04-12,2168441.0,2332842.1505187633,-141153.36724428562,-23247.783274477813
2023-04-13,2443213.0,2353152.245886051,182656.21761840224,-92595.46350445319
2023-04-14,2532863.0,2358189.5396682606,180526.49012597074,-5853.029794231523
2023-04-15,2150251.0,2360429.4500549603,-238623.33336130364,28444.88330634311
2023-04-16,2589787.0,2362139.5934472354,220969.76575684172,6677.640795922838
2023-04-17,2455406.0,2362984.0377913457,87409.06774247109,5012.894466183148
2023-04-18,2070303.0,2362091.5545556173,-293044.75127143896,1256.196715821512
2023-04-19,2227164.0,2358253.397820589,-142590.66480555615,11501.26698496705
2023-04-20,2534751.0,2353117.089942357,191081.61134475312,-9447.701287110336
2023-04-21,2585925.0,2347547.2914944766,187292.35893367892,51085.34957184456
2023-04-22,2057354.0,2342296.109276443,-263172.35769066185,-21769.75158578111
2023-04-23,2570184.0,2337131.5536095933,226067.82109424155,6984.625296165235
2023-04-24,2425693.0,2331791.2949628816,101840.69583999617,-7938.990802877583
2023-04-25,2015155.0,2326400.479291249,-302086.29508379137,-9159.184207457583
2023-04-26,2183316.0,2321594.857080652,-139430.66779176434,1151.810711112339
2023-04-27,2522454.0,2317559.565850667,192490.64546831572,12403.788681017235
2023-04-28,2507149.0,2314444.4055785327,193609.57652778045,-904.9821063131094
2023-04-29,2021030.0,2312072.6736970195,-284020.4976947943,-7022.176002225373
2023-04-30,2517228.0,2310686.466156346,226227.49472217236,-19685.960878517944
2023-05-01,2432660.0,2310690.185307366,112370.3428230341,9599.471869600005
2023-05-02,1998688.0,2312797.306038604,-298560.3976645349,-15548.908374069259
2023-05-03,2167265.0,2317228.700646219,-136587.3244980518,-13376.376148167066
2023-05-04,2509080.0,2323875.1439531744,194195.5735324232,-8990.717485597357
2023-05-05,2508503.0,2332417.1613361025,191040.7055486516,-14954.86688475404
2023-05-06,2043895.0,2342547.0533417985,-293326.2775844111,-5325.7757573872805
2023-05-07,2590391.0,2353869.776959798,216959.31002832373,19561.913011878263
2023-05-08,2476280.0,2365940.2043432505,119092.32779525181,-8752.532138502225
2023-05-09,2089430.0,2376082.481142578,-286103.4882182326,-548.9929243456572
2023-05-10,2261499.0,2386069.3221221487,-134565.97354551736,9995.651423368603
2023-05-11,2598784.0,2396321.171371672,187690.80312693657,14772.025501391385
2023-05-12,2605959.0,2411108.6324792956,189634.19293040296,5216.174590301234
2023-05-13,2114178.0,2419848.4796337793,-292654.59484371124,-13015.884790068027
2023-05-14,2509333.0,2428281.952535139,203549.57044616656,-122498.5229813056
2023-05-15,2597124.0,2436698.0606692997,113133.763132432,47292.17619826831
2023-05-16,2173966.0,2444956.1929912493,-265088.666516628,-5901.526474621147
2023-05-17,2312740.0,2453159.5562050054,-124632.2058103159,-15787.350394689478
2023-05-18,2641296.0,2464814.5294284825,176399.91416717903,81.55640433868393
2023-05-19,2656058.0,2471599.4266750007,200223.04414080168,-15764.470815802459
2023-05-20,2213613.0,2477882.645206206,-288668.45623181446,24398.81102560833
2023-05-21,2673457.0,2488262.9688900453,192371.93723109397,-7177.906121139415
2023-05-22,2592466.0,2495928.0000022766,107540.9661570156,-11002.966159292031
2023-05-23,2272281.0,2501578.0862132716,-253270.46759008587,23973.381376814097
2023-05-24,2435811.0,2504789.211525162,-127903.71119376745,58925.49966860516
2023-05-25,2672648.0,2506591.4422896453,165103.6078548024,952.9498555525206
2023-05-26,2744596.0,2507657.303195981,194663.42861238503,42275.26819163421
2023-05-27,2206475.0,2508778.4094672836,-269208.5349217838,-33094.87454549968
2023-05-28,2257797.0,2507461.927003313,184038.53763765463,-433703.46464096755
2023-05-29,2596978.0,2495068.7165848287,96794.22402158401,5115.059393587522
2023-05-30,2349003.0,2490620.9696775246,-244390.88517565528,102772.91549813049
2023-05-31,2259502.0,2486358.631616966,-125429.20204151844,-101427.42957544746
2023-06-01,2477726.0,2482666.0322757517,155074.5742959795,-160014.60657173116
2023-06-02,2534892.0,2480075.048624042,187692.10220557838,-132875.1508296202
2023-06-03,2221890.0,2475751.4515080033,-247279.9206448855,-6581.530863117892
2023-06-04,2657217.0,2477449.2954796473,183905.41538647327,-4137.710866120644
2023-06-05,2560508.0,2481688.673869623,88921.49908220461,-10102.172951827291
2023-06-06,2233160.0,2487815.8156733415,-238003.99517383805,-16651.82049950352
2023-06-07,2355913.0,2495497.2958068983,-126246.30296178398,-13337.99284511432
2023-06-08,2641522.0,2504640.2557966327,144508.2705217614,-7626.526318394113
2023-06-09,2675115.0,2516689.1524034515,175936.08241227383,-17510.234815725125
2023-06-10,2322170.0,2530137.2613685317,-218824.32915738327,10857.067788851447
2023-06-11,2732330.0,2544994.2677371586,176844.5438966078,10491.188366233837
2023-06-12,2636399.0,2560446.0438249186,86367.77403862214,-10414.817863540724
2023-06-13,2343000.0,2573347.4960527187,-230684.13367790353,336.63762518484145
2023-06-14,2465528.0,2585608.0955152437,-127007.20205067104,6927.106535427272
2023-06-15,2745743.0,2597444.3393887803,134239.66526619444,14058.995345025323
2023-06-16,2785332.0,2614049.3778097187,158829.0740385426,12453.548151738476
2023-06-17,2436004.0,2620508.2830125424,-188962.94385963678,4458.660847094376
2023-06-18,2640349.0,2624792.2153289104,163224.95409559782,-147668.16942450823
2023-06-19,2742546.0,2627787.038571307,81647.37611183283,33111.58531686012
2023-06-20,2449389.0,2629637.486383743,-222218.07182498422,41969.58544124104
2023-06-21,2502239.0,2630024.11205667,-115366.2550436545,-12418.857013015077
2023-06-22,2737829.0,2626747.5551453563,129102.15289110395,-18020.708036460448
2023-06-23,2771672.0,2624688.925521289,150229.33705232933,-3246.262573618442
2023-06-24,2456148.0,2623220.08336111,-175035.61152690198,7963.528165791649
2023-06-25,2769270.0,2622546.250843558,146040.5000741577,683.2490822845139
2023-06-26,2687481.0,2622836.1080186917,83871.96509804089,-19227.07311673276
2023-06-27,2391503.0,2623707.588152201,-218170.13304514883,-14034.45510705188
2023-06-28,2539399.0,2624481.153636177,-110530.9596752549,25448.806039077695
2023-06-29,2759141.0,2625032.527206655,125188.33616227942,8920.136631065514
2023-06-30,2884783.0,2625277.9477332514,141827.4883137565,117677.5639529922
2023-07-01,2588334.0,2621549.4346059384,-162823.87647319393,129608.4418672556
2023-07-02,2529730.0,2617975.4562170343,137560.15640687934,-225805.61262391368
2023-07-03,2288645.0,2613845.6300091804,88279.67517659243,-413480.30518577294
2023-07-04,2007441.0,2608886.120685344,-219544.8162274071,-381900.3044579369
2023-07-05,2492923.0,2596473.9644843736,-111580.32106624919,8029.356581875589
2023-07-06,2540237.0,2595142.023079264,123736.47709712716,-178641.5001763911
2023-07-07,2555001.0,2594558.6749457624,137183.8513022506,-176741.52624801314
2023-07-08,2431155.0,2594142.620561131,-152578.32821096518,-10409.292350165546
2023-07-09,2644639.0,2594582.3079742203,137257.63450321558,-87200.9424774358
2023-07-10,2688266.0,2596436.3781298245,93671.82909698933,-1842.2072268137708
2023-07-11,2382030.0,2599591.6034417995,-222476.50954937312,4914.90610757377
2023-07-12,2458378.0,2603861.425100498,-112931.9925177682,-32551.432582729496
2023-07-13,2726021.0,2608699.4726790963,124179.80214551001,-6858.274824606255
2023-07-14,2738461.0,2613802.677232638,129028.38994010132,-4370.067172739189
2023-07-15,2486503.0,2618269.1248835786,-143927.2842914398,12161.159407861065
2023-07-16,2741762.0,2623706.27074118,124023.86378564933,-5968.134526829235
2023-07-17,2747357.0,2628585.0841451543,99002.714715024,19769.20113982167
2023-07-18,2410972.0,2632416.848452905,-226197.75147095422,4752.903018048964
2023-07-19,2519328.0,2634185.914427036,-120975.72882926244,6117.814402226359
2023-07-20,2754386.0,2633786.1388072963,115186.83401877723,5413.027173926588
2023-07-21,2782146.0,2632053.232503691,143795.61099191295,6297.1565043958835
2023-07-22,2485646.0,2629848.7694630558,-146685.07439091438,2482.304927858524
2023-07-23,2800368.0,2627807.1175477877,161304.33254514166,11256.549907070585
2023-07-24,2695657.0,2626051.877203018,89876.53158814221,-20271.40879116021
2023-07-25,2358536.0,2624455.7040781183,-234417.19060972304,-31502.513468395453
2023-07-26,2510210.0,2622896.0141927707,-127247.40415342625,14561.389960655477
2023-07-27,2724438.0,2621062.2375759915,110259.42392966915,-6883.661505660508
2023-07-28,2787676.0,2618299.2813348644,143577.41969150284,25799.29897363251
2023-07-29,2457943.0,2614130.7306866953,-152881.4860417425,-3306.244644952938
2023-07-30,2815068.0,2608156.8887736346,182715.17890031755,24195.93232604768
2023-07-31,2697794.0,2600524.148328164,78380.33803676355,18889.51363507239
2023-08-01,2370591.0,2591825.899245889,-231151.27068842354,9916.371442534495
2023-08-02,2431864.0,2582279.4067185954,-133294.65419456872,-17120.75252402667
2023-08-03,2671674.0,2573223.84609648,115321.56043108134,-16871.406527561136
2023-08-04,2690858.0,2564881.738646266,144531.38976001728,-18555.128406283446
2023-08-05,2403611.0,2554373.561200614,-161561.8388313668,10799.277630752884
2023-08-06,2743779.0,2547083.502953296,195168.15464319944,1527.3424035045318
2023-08-07,2602015.0,2539934.23991612,74941.60608117413,-12860.845997294411
2023-08-08,2387917.0,2532607.1561577027,-231099.4942175545,86409.3380598519
2023-08-09,2407319.0,2524914.9772559484,-146795.10674710927,29199.12949116109
2023-08-10,2654716.0,2517169.433126518,128859.29380213133,8687.27307135053
2023-08-11,2648556.0,2509185.685031479,148414.72041683714,-9044.405448316596
2023-08-12,2322724.0,2497681.6774477456,-174742.6180613176,-215.05938642797992
2023-08-13,2684914.0,2489297.4268280976,202977.85389408073,-7361.280722178519
2023-08-14,2548291.0,2481007.744855298,75103.3196143434,-7820.06446964154
2023-08-15,2266285.0,2473328.9598144786,-235000.9320321321,27956.972217653412
2023-08-16,2298936.0,2465325.677662826,-159099.5549232651,-7290.122739560902
2023-08-17,2599098.0,2451326.2633774537,150547.5320355051,-2775.7954129585996
2023-08-18,2601291.0,2438058.0228142366,165198.45680475683,-1965.4796189935878
2023-08-19,2252655.0,2423135.739472349,-198335.3788203926,27854.639348043595
2023-08-20,2535369.0,2407140.8015918653,217546.84019896027,-89318.64179082541
2023-08-21,2487458.0,2390600.610420854,77208.582392794,19648.80718635209
2023-08-22,2101467.0,2374223.46676245,-264867.5533686746,-7888.913393775467
2023-08-23,2169394.0,2352364.301010997,-178098.7527090679,-4871.548301929142
2023-08-24,2501995.0,2339114.318931566,170901.77180540664,-8021.090736972634
2023-08-25,2509342.0,2329455.168446973,189346.12088287016,-9459.28932984313
2023-08-26,2063356.0,2321824.432462608,-234513.26718233482,-23955.165280273184
2023-08-27,2538318.0,2314148.543853949,235308.30859049488,-11138.852444443852
2023-08-28,2349783.0,2307032.7902961196,80337.43306593019,-37587.22336205002
2023-08-29,1888361.0,2300681.705748184,-278587.8848549896,-133732.82089319453
2023-08-30,2014332.0,2294882.43913429,-184482.28612076325,-96068.15301352693
2023-08-31,2619753.0,2289531.0333324727,206112.87543991007,124109.09122761711
2023-09-01,2742962.0,2284245.250387069,209383.64526482596,249333.10434810538
2023-09-02,2090550.0,2276994.6684221826,-279813.4862592329,93368.81783705018
2023-09-03,2081144.0,2288028.452299719,253103.3045177224,-459987.75681744167
2023-09-04,2645012.0,2308059.790483141,86631.3882590211,250320.82125783805
2023-09-05,2243518.0,2309358.8104535737,-307331.76504853676,241490.95459496323
2023-09-06,1966818.0,2310462.902727301,-191684.24859158637,-151960.65413571475
2023-09-07,2283466.0,2312104.391708169,231430.18957257652,-260068.58128074557
2023-09-08,2405867.0,2313712.8032145505,230543.11492341463,-138388.91813796526
2023-09-09,1986960.0,2315339.72027336,-319651.337665374,-8728.38260798622
2023-09-10,2584116.0,2316875.4256750057,268873.8992079715,-1633.3248829771765
2023-09-11,2402206.0,2318477.7090822975,94079.27648179259,-10350.985564090312
2023-09-12,1991959.0,2321234.001276827,-337862.7202143821,8587.718937555328
2023-09-13,2113134.0,2325475.072152141,-202688.12390100403,-9652.948251137044
2023-09-14,2594681.0,2331325.9380531907,267272.0822487305,-3917.020301921293
2023-09-15,2583450.0,2338794.0759719964,253240.2274152071,-8584.30338720372
2023-09-16,1978051.0,2347620.072786423,-339039.3488889184,-30529.72389750462
2023-09-17,2648872.0,2357613.1148678176,275014.5714801778,16244.313652004581
2023-09-18,2495564.0,2367359.6615450974,118883.06888480436,9321.269570098259
2023-09-19,1992774.0,2376084.523225512,-348321.80642329704,-34988.71680221474
2023-09-20,2207680.0,2383693.7021712386,-219706.10092854316,43692.39875730453
2023-09-21,2651017.0,2390133.909259533,248201.8822387461,12681.208501720801
2023-09-22,2684773.0,2394673.9011261584,241502.07177093404,48597.027102907654
2023-09-23,2065137.0,2397057.7572370027,-320927.21089478856,-10993.546342214104
2023-09-24,2673136.0,2397677.2926841853,272056.952253061,3401.7550627538003
2023-09-25,2543611.0,2396871.9578663907,139304.2197277692,7434.82240584027
2023-09-26,2058961.0,2396665.0109393336,-342052.09931021516,4348.088370881509
2023-09-27,2138667.0,2396993.6108234976,-228368.58851052265,-29958.022312975023
2023-09-28,2616213.0,2397727.5208437047,229204.46281333445,-10718.983657039236
2023-09-29,2602713.0,2399918.8662270037,225967.51637318238,-23173.382600185927
2023-09-30,2140656.0,2412471.6278968123,-303201.2117413375,31385.583844525274
2023-10-01,2682443.0,2424939.4176824824,270846.9353178575,-13343.353000340052
2023-10-02,2473560.0,2439744.8937554774,143190.94081036464,-109375.83456584206
2023-10-03,2001087.0,2455640.3036274146,-321884.3312368164,-132668.97239059815
2023-10-04,2213969.0,2471226.2364286864,-220768.949800621,-36488.28662806563
2023-10-05,2697601.0,2486348.966954979,210586.02896733183,666.0040776892565
2023-10-06,2762717.0,2503105.009954179,202400.9320165519,57211.05802926887
2023-10-07,2232660.0,2514100.714131935,-292432.05593779095,10991.341805855744
2023-10-08,2690153.0,2520151.4511519894,274439.18355123233,-104437.63470322173
2023-10-09,2681432.0,2524043.9925353215,141251.0996820463,16136.907782632392
2023-10-10,2293858.0,2526953.671478664,-309519.66761410766,76423.99613544345
2023-10-11,2372544.0,2527489.7920671497,-206598.07787666027,51652.28580951039
2023-10-12,2717399.0,2525105.0939659257,198680.99930366664,-6387.093269592617
2023-10-13,2673246.0,2517629.093032891,187209.15592720834,-31592.248960099183
2023-10-14,2226278.0,2514201.94887748,-300622.6797710021,12698.730893522035
2023-10-15,2797326.0,2510751.484896382,282640.1454628094,3934.3696408085525
2023-10-16,2627942.0,2507842.838648091,137091.9952547223,-16992.833902813494
2023-10-17,2213819.0,2503756.749136002,-289503.1226337709,-434.62650223076344
2023-10-18,2333408.0,2499488.262596414,-188707.64414243842,22627.3815460247
2023-10-19,2695224.0,2494249.5248212637,193942.21483782146,7032.260340914596
2023-10-20,2672262.0,2487586.3810399794,178628.01623685495,6047.602723165881
2023-10-21,2161735.0,2479899.779533811,-318743.3727102869,578.5931764757261
2023-10-22,2770224.0,2471223.4584978116,298003.02253741655,997.518964771647
2023-10-23,2607835.0,2463463.238508272,137360.36012128482,7011.401370443404
2023-10-24,2138741.0,2456207.1129608424,-309017.7627184364,-8448.35024240613
2023-10-25,2251047.0,2449964.592300303,-177717.75059068578,-21199.84170961706
2023-10-26,2630523.0,2443431.237092856,200412.8227988549,-13321.059891710524
2023-10-27,2615422.0,2434088.3603978627,184031.483821472,-2697.844219334889
2023-10-28,2015907.0,2401173.3649086715,-343226.96332624374,-42039.40158242779
2023-10-29,2520086.0,2387577.8251766195,303955.80848853104,-171447.6336651505
2023-10-30,2292796.0,2376491.5771408435,136576.25106817164,-220271.82820901508
2023-10-31,1665839.0,2370523.7623654976,-329575.8915727496,-375108.87079274794
2023-11-01,2157473.0,2362137.802796853,-184494.7151646109,-20170.08763224166
2023-11-02,2415581.0,2356148.1118320916,167782.62658349544,-108349.73841558723
2023-11-03,2502391.0,2360700.3920259057,179838.86617502553,-38148.25820093136
2023-11-04,2045614.0,2365693.024431005,-204784.24296250741,-115294.78146849759
2023-11-05,2669284.0,2371186.1640501283,284457.25017967034,13640.585770201404
2023-11-06,2491545.0,2377512.4223054834,123222.63439724754,-9190.056702730712
2023-11-07,2019225.0,2385359.917332687,-356736.4668955955,-9398.450437091291
2023-11-08,2209479.0,2393640.2374305194,-193343.92007954337,9182.68264902383
2023-11-09,2658959.0,2404365.4500912842,140372.2049320563,114221.3449766594
2023-11-10,2591818.0,2412278.734909626,178769.37430121683,769.8907891567796
2023-11-11,2025517.0,2419589.8361136285,-172550.26955150042,-221522.56656212825
2023-11-12,2683745.0,2427013.273856619,242268.76145031577,14462.964693065267
2023-11-13,2533300.0,2433540.290593037,100085.97687440335,-326.267467440106
2023-11-14,2035761.0,2438107.813887549,-248956.8352788429,-153389.97860870603
2023-11-15,2224646.0,2441255.844212032,-214497.29824208157,-2112.545969950501
2023-11-16,2550045.0,2443682.3765654187,100035.14309751843,6327.480337062851
2023-11-17,2692471.0,2445148.6816749186,145710.7278187288,101611.59050635248
2023-11-18,2379699.0,2446347.7203040305,-78516.7471931639,11868.026889133267
2023-11-19,2608680.0,2447437.7313853367,179981.63322389673,-18739.36460923357
2023-11-20,2532525.0,2448012.5403456613,74783.4771279503,9728.982526388485
2023-11-21,2647461.0,2448276.397532929,-139417.6375570443,338602.24002411496
2023-11-22,2741610.0,2442466.942981861,-230899.48382532148,530042.5408434602
2023-11-23,1547419.0,2343909.8333437755,95230.93103523803,-891721.7643790136
2023-11-24,2199057.0,2317780.595794125,140337.6417275375,-259061.23752166238
2023-11-25,2605387.0,2293707.769297548,-149962.3819990803,461641.61270153197
2023-11-26,2908785.0,2188189.66342477,149094.40429821305,571500.9322770173
2023-11-27,2633263.0,2182444.892671788,59164.04071240984,391654.06661580224
2023-11-28,2171943.0,2183008.6585203293,-18349.136143105097,7283.477622775827
2023-11-29,1948492.0,2184704.9422586104,-232782.77911201504,-3430.1631465954706
2023-11-30,2276703.0,2186748.228955584,111089.1591261706,-21134.388081754558
2023-12-01,2308362.0,2189528.200522148,116717.97291567114,2115.8265621806495
2023-12-02,1864999.0,2194941.5567217623,-183067.63137181196,-146874.92534995032
2023-12-03,2321965.0,2201796.4338378534,137273.7723493022,-17105.206187155563
2023-12-04,2266792.0,2209298.194304507,49457.22955820224,8036.576137290336
2023-12-05,1834118.0,2218059.5718667367,-34896.452167246716,-349045.11969949
2023-12-06,1998620.0,2227995.692076933,-214981.78608788268,-14393.9059890504
2023-12-07,2385629.0,2242543.5877271383,139639.1184343322,3446.293838529382
2023-12-08,2431077.0,2252694.2499354417,187105.73347826407,-8722.983413705602
2023-12-09,1975896.0,2264478.6940126712,-279891.6001893415,-8691.093823329546
2023-12-10,2419762.0,2276176.723750262,135673.0310977579,7912.245151979849
2023-12-11,2313610.0,2296513.3736319514,24820.56910220253,-7723.942734153941
2023-12-12,1954074.0,2312279.168993788,-65407.63508831054,-292797.53390547726
2023-12-13,2129193.0,2327562.652829336,-201397.70274607633,3028.049916740507
2023-12-14,2502604.0,2342711.249146356,150609.28814994937,9283.462703695055
2023-12-15,2622770.0,2357698.75187077,167767.48865446623,97303.75947476365
2023-12-16,2252933.0,2370064.4902403997,-126332.13720759317,9200.646967193577
2023-12-17,2495579.0,2377751.9889352694,112413.55501394157,5413.456050788984
2023-12-18,2366275.0,2383314.075157602,-34749.89773725388,17710.82257965207
2023-12-19,2291458.0,2388520.4119254868,-110440.00498402328,13377.593058536295
2023-12-20,2514171.0,2392483.6753039868,-125953.54318096572,247640.86787697906
2023-12-21,2650811.0,2395073.7017735206,151645.80439299726,104091.49383348227
2023-12-22,2775193.0,2400022.4059386994,169037.50741685528,206133.08664444555
2023-12-23,2606577.0,2439579.1028275248,-151383.87323278582,318381.77040526085
2023-12-24,1972309.0,2445770.5605759798,99094.77339849627,-572556.333974476
2023-12-25,2028266.0,2477002.81499537,-69989.60770594786,-378747.20728942193
2023-12-26,2665034.0,2476683.9998901025,-115481.92421807793,303831.9243279756
2023-12-27,2663517.0,2468198.089764768,-56025.48793370956,251344.39816894196
2023-12-28,2633264.0,2458451.4278164124,142929.09707557227,31883.47510801535
2023-12-29,2636605.0,2448710.1377165415,168227.5547488305,19667.307534628082
2023-12-30,2563962.0,2441061.2969706873,-143683.0141589759,266583.71718828846
2023-12-31,2116715.0,2433008.4504068205,88982.34781469192,-405275.79822151246
2024-01-01,2303507.0,2414467.4122917643,-96094.95310949882,-14865.45918226568
2024-01-02,2555447.0,2394811.048475602,-166418.19780700066,327054.1493313983
2024-01-03,2418600.0,2374901.5854359954,23863.41958347453,19834.994980529882
2024-01-04,2281402.0,2355588.68622014,137118.2626447659,-211304.9488649061
2024-01-05,2279609.0,2326555.566365025,172339.98284144443,-219286.5492064692
2024-01-06,2198958.0,2305710.295015596,-123672.06174743577,16919.766731840093
2024-01-07,2380127.0,2275259.1230653925,93355.77460824054,11512.10232636705
2024-01-08,2193524.0,2255610.7721371683,-72292.6761657115,10205.904028543271
2024-01-09,1774066.0,2218676.311410408,-202090.8571595975,-242519.45425081044
2024-01-10,1934765.0,2193115.9497290715,-58346.89068445178,-200004.0590446198
2024-01-11,2300884.0,2164447.6530332817,153042.16421147154,-16605.81724475324
2024-01-12,2326842.0,2137088.458216643,198411.3033569167,-8657.761573559605
2024-01-13,1914063.0,2118054.2652144497,-187072.69169312777,-16918.573521322105
2024-01-14,2116540.0,2101223.117218278,155968.558826061,-140651.67604433885
2024-01-15,2214409.0,2088308.4659241394,-21166.666755713697,147267.20083157416
2024-01-16,1864219.0,2059847.1112057783,-196920.29565413328,1292.1844483548775
2024-01-17,1857915.0,2050210.283375839,-129260.49265009463,-63034.79072574433
2024-01-18,2104712.0,2039103.8099313178,166153.39833128828,-100545.20826260606
2024-01-19,2094212.0,2030091.8259467601,218884.02760386965,-154763.8535506297
2024-01-20,1753693.0,2025505.063222691,-225000.5580051201,-46811.50521757081
2024-01-21,2243155.0,2022757.7706598334,205652.09321826752,14745.136121899122
2024-01-22,2053656.0,2024500.2409152642,28201.108329408482,954.6507553271949
2024-01-23,1610765.0,2025689.6853516672,-249064.53821860682,-165860.1471330605
2024-01-24,1815119.0,2026113.9869578036,-198915.23317400474,-12079.753783798777
2024-01-25,2232670.0,2025917.7088026982,191061.21932059963,15691.071876702132
2024-01-26,2278406.0,2025041.806442865,238298.8580917211,15065.335465413984
2024-01-27,1772563.0,2023193.3650870805,-249549.09329117445,-1081.2717959061265
2024-01-28,2261245.0,2020815.5215166844,238743.82605185988,1685.6524314556736
2024-01-29,2077644.0,2016621.4111027168,68164.81935953505,-7142.23046225193
2024-01-30,1617523.0,2015240.7490062998,-306068.5777758173,-91649.1712304824
2024-01-31,1817011.0,2016110.4839487008,-196002.48366442154,-3097.000284279231
2024-02-01,2203945.0,2018683.596175914,203999.2837110478,-18737.879886961775
2024-02-02,2208138.0,2022604.191503668,249774.6586822905,-64240.850185958436
2024-02-03,1752024.0,2028602.3752620039,-255045.84842518164,-21532.526836822275
2024-02-04,2281882.0,2037908.1293535286,238955.26164065974,5018.609005811624
2024-02-05,2160140.0,2054295.5833586026,105443.76436257373,400.65227882377803
2024-02-06,1695022.0,2065860.8000362203,-369199.18326749705,-1639.6167687233537
2024-02-07,1880126.0,2077698.1360188185,-179421.08476898604,-18151.05124983238
2024-02-08,2305984.0,2090287.347138679,204985.92442598692,10710.728435334051
2024-02-09,2369929.0,2110601.2791376184,247796.5231390481,11531.197723333724
2024-02-10,1883035.0,2125034.142621515,-244712.74084850386,2713.5982269891538
2024-02-11,2196980.0,2129593.6847539283,237024.76370835037,-169638.44846227858
2024-02-12,2283725.0,2141082.427563512,108898.36538909515,33744.207047392614
2024-02-13,1754659.0,2154621.652682599,-387459.97188796144,-12502.68079463765
2024-02-14,2021114.0,2168635.1090346575,-168717.59668004888,21196.487645391375
2024-02-15,2515629.0,2197461.0989886923,206724.17643799336,111443.72457331419
2024-02-16,2615463.0,2215813.085791704,249085.1081319373,150564.806076359
2024-02-17,2159328.0,2233140.3647429403,-231835.32736087253,158022.96261793235
2024-02-18,2474646.0,2248638.094139702,232637.5415605505,-6629.635700252838
2024-02-19,2606125.0,2265076.9630930903,98404.96713722085,242643.06976968888
2024-02-20,2206877.0,2298885.81854544,-393186.57108255837,301177.7525371183
2024-02-21,2162956.0,2305758.1706127757,-166806.95071921038,24004.7801064346
2024-02-22,2513429.0,2311324.502055861,205074.18959657353,-2969.6916524344124
2024-02-23,2555082.0,2315997.0974694574,253354.39830392858,-14269.49577338621
2024-02-24,2106561.0,2319630.5367824063,-211880.78864934633,-1188.7481330600567
2024-02-25,2561682.0,2322126.2020780314,228667.54602399975,10888.251897968818
2024-02-26,2405209.0,2324670.054517028,81113.51438047721,-574.5688975052908
2024-02-27,1935225.0,2327672.30149123,-389740.34230380587,-2706.9591874238104
2024-02-28,2140789.0,2330671.2818762865,-166865.45832272313,-23016.82355356356
2024-02-29,2551534.0,2333721.1422138344,192133.23947320352,25679.618312961888
2024-03-01,2602686.0,2337564.9206974474,251756.0658155056,13365.01348704705
2024-03-02,2132092.0,2343492.808142208,-185013.30347075747,-26387.504671450704
2024-03-03,2566870.0,2352765.891936271,226389.69419599368,-12285.586132264696
2024-03-04,2405790.0,2366075.8402471957,61237.61448089051,-21523.454728086013
2024-03-05,1983750.0,2382966.0663290746,-372537.46185833594,-26678.604470738675
2024-03-06,2211599.0,2402167.625072834,-163447.28571848825,-27121.33935434604
2024-03-07,2578074.0,2423390.2580775553,174448.31340404024,-19764.571481595747
2024-03-08,2720377.0,2446071.618879529,235223.69700036442,39081.68412010651
2024-03-09,2342497.0,2468998.5559561616,-156211.7415918962,29710.185635734815
2024-03-10,2719857.0,2485538.275022578,217623.17166919378,16695.553308228496
2024-03-11,2563158.0,2504586.9723371384,52884.54810980982,5686.479553051759
2024-03-12,2199126.0,2515623.7319148267,-350477.2627148371,33979.53080001054
2024-03-13,2388007.0,2522952.7119939555,-148422.11580139102,13476.40380743565
2024-03-14,2568962.0,2527297.952559083,154702.63980197022,-113038.59236105299
2024-03-15,2722855.0,2530186.245140588,211777.27219222178,-19108.51733280951
2024-03-16,2410078.0,2532203.146721067,-144960.82755189214,22835.68083082512
2024-03-17,2734318.0,2533437.084246254,207925.34154103007,-7044.425787284039
2024-03-18,2582796.0,2535657.400866398,50034.067352110695,-2895.468218508642
2024-03-19,2205546.0,2538309.640220268,-324792.5328019487,-7971.107418319676
2024-03-20,2413710.0,2541244.472858041,-120516.49904245457,-7017.973815586418
2024-03-21,2690138.0,2544386.755168377,146020.34418371393,-269.09935209108517
2024-03-22,2732493.0,2547525.3613194516,190790.26535109288,-5822.626670544501
2024-03-23,2422106.0,2549709.313094016,-156376.53544004846,28773.222346032504
2024-03-24,2755433.0,2551053.4639939247,202353.15833111753,2026.3776749577373
2024-03-25,2607498.0,2550242.652291922,43946.412076884706,13308.93563119322
2024-03-26,2243576.0,2547815.1980156093,-296958.45974015427,-7280.738275454845
2024-03-27,2462360.0,2544449.3813452753,-119980.9195268546,37891.538181579206
2024-03-28,2786223.0,2540627.5938568567,150269.53216928255,95325.87397386087
2024-03-29,2693787.0,2528474.9006832377,196681.1273854619,-31369.02806869941
2024-03-30,2320632.0,2522681.0365757123,-191073.20024662334,-10975.836329089012
2024-03-31,2595625.0,2515546.225768801,204063.57652258838,-123984.80229138909
2024-04-01,2658016.0,2508337.4184818114,42474.04525331227,107204.53626487637
2024-04-02,2261390.0,2501972.820649631,-283202.10867970606,42619.288030075375
2024-04-03,2266046.0,2497557.068153758,-123097.25451817432,-108413.81363558397
2024-04-04,2640572.0,2487397.5281726494,162335.60085664445,-9161.12902929401
2024-04-05,2703180.0,2481529.610490378,212987.95626645334,8662.433243168518
2024-04-06,2324739.0,2476880.9707030966,-227066.7001541826,74924.7294510859
2024-04-07,2675829.0,2475286.855554117,210281.3846718067,-9739.240225923713
2024-04-08,2487391.0,2471063.5226526796,46194.7493831908,-29867.272035870235
2024-04-09,2212961.0,2468364.94120364,-285536.5169510497,30132.575747409835
2024-04-10,2316545.0,2466581.8979365574,-130883.78800560051,-19153.109930956736
2024-04-11,2641708.0,2465572.7500414625,179578.4079153003,-3443.157956762705
2024-04-12,2714741.0,2466097.420235562,228496.9984918801,20146.581272557843
2024-04-13,2180816.0,2467973.3886436233,-256944.9910061713,-30212.397637452
2024-04-14,2689549.0,2470633.899808556,217219.30874622738,1695.7914452166297
2024-04-15,2532672.0,2474052.127661716,55866.19142179732,2753.680916486308
2024-04-16,2148436.0,2478566.997549832,-296145.9738461421,-33985.02370368969
2024-04-17,2351694.0,2482433.3933533733,-139079.6771211404,8340.28376776725
2024-04-18,2695566.0,2486274.3230385007,199281.87940317768,10009.797558321618
2024-04-19,2722053.0,2486970.326967016,231620.92853750914,3461.744495475199
2024-04-20,2221738.0,2485801.6493227165,-282545.20033804956,18481.551015333273
2024-04-21,2756922.0,2483407.2339843707,216689.26897341915,56825.49704221031
2024-04-22,2579973.0,2479549.795530183,76217.53270894446,24205.671760872938
2024-04-23,2144330.0,2473920.7949395855,-309500.28482640255,-20090.510113182943
2024-04-24,2308366.0,2466771.6531671123,-126981.22701967285,-31424.426147439517
2024-04-25,2686172.0,2459357.003545658,207052.84884881575,19762.14760552626
2024-04-26,2675321.0,2453573.520976359,220825.2342891576,922.2447344833054
2024-04-27,2138255.0,2450498.706348132,-296086.34509555984,-16157.361252571922
2024-04-28,2646469.0,2449786.113118583,212805.2027149892,-16122.315833571833
2024-04-29,2506141.0,2451107.913014428,93108.68240629185,-38075.595420720056
2024-04-30,2151933.0,2454744.913470497,-306606.76820326486,3794.8547327681445
2024-05-01,2358798.0,2461380.2839288474,-120583.92974885326,18001.645820005797
2024-05-02,2648857.0,2471279.254699243,207257.8377361363,-29680.092435379513
2024-05-03,2675921.0,2483812.9467564793,211348.24060048847,-19240.187356967945
2024-05-04,2175786.0,2498021.199911239,-301909.0980395126,-20326.10187172657
2024-05-05,2717249.0,2512903.765870213,200943.08680908868,3402.147320698481
2024-05-06,2647929.0,2528123.4232620667,98111.26046379731,21694.31627413584
2024-05-07,2244683.0,2542457.604773404,-289045.2562803112,-8729.348493092693
2024-05-08,2452419.0,2556130.487212541,-116405.70673483725,12694.219522295985
2024-05-09,2797162.0,2572797.5797674325,199033.95460395337,25330.465628614184
2024-05-10,2789715.0,2582982.0483783334,205928.8151721164,804.1364495502785
2024-05-11,2295451.0,2591014.4695489393,-299555.14310620446,3991.673557265196
2024-05-12,2677001.0,2598758.4201819045,189832.49217748948,-111589.91235939413
2024-05-13,2717876.0,2606748.3984184195,98194.87667359388,12932.724907986354
2024-05-14,2343094.0,2614450.5147321643,-268866.0092872025,-2490.5054449616
2024-05-15,2463627.0,2621989.035148883,-113706.47747585857,-44655.557673024014
2024-05-16,2807609.0,2630188.0060430295,197459.5182737017,-20038.524316731375
2024-05-17,2855596.0,2642196.498386474,189841.5013633072,23558.0002502189
2024-05-18,2365492.0,2651397.736605987,-283054.6180469077,-2851.1185590792447
2024-05-19,2843144.0,2660822.8870812813,183197.08619891648,-875.9732801979408
2024-05-20,2751841.0,2669581.4681810117,93835.64385158887,-11576.112032600679
2024-05-21,2442301.0,2676672.3895987803,-258783.07350078374,24411.683902003337
2024-05-22,2591593.0,2682316.048777429,-114116.65952440668,23393.61074697785
2024-05-23,2897421.0,2686906.013365788,186831.1063137213,23683.880320490804
2024-05-24,2951859.0,2691008.9668091936,174291.0092581238,86559.02393268235
2024-05-25,2429201.0,2693095.0607310995,-258007.88820553327,-5886.172525566071
2024-05-26,2413165.0,2681904.1497952696,181906.05581476042,-450645.20561002987
2024-05-27,2771700.0,2673420.494046746,86054.2512868237,12225.25466643041
2024-05-28,2555425.0,2666399.2644564123,-251621.25860678224,140646.9941503699
2024-05-29,2446571.0,2659722.8210514686,-113191.03362757935,-99960.78742388915
2024-05-30,2653600.0,2653394.7464301265,170033.82936116258,-169828.5757912891
2024-05-31,2775176.0,2643163.4308069935,159511.29830073763,-27498.729107731022
2024-06-01,2415153.0,2643599.8370663947,-227510.48978394447,-936.3472824501805
2024-06-02,2822822.0,2647062.630059247,188267.30380076083,-12507.933860007674
2024-06-03,2719030.0,2652704.2827160084,78398.42683395043,-12072.709549958818
2024-06-04,2397066.0,2659818.12290866,-247519.7746384526,-15232.348270207644
2024-06-05,2551287.0,2667978.9012453225,-113101.09406697603,-3590.80717834644
2024-06-06,2829183.0,2679083.1543624355,147548.29492727554,2551.5507102888077
2024-06-07,2842268.0,2689739.0480043073,148411.4313315159,4117.520664176904
2024-06-08,2499204.0,2700080.467188557,-194213.07674518367,-6663.3904433734715
2024-06-09,2915830.0,2710574.210719432,196442.0016827146,8813.787597853225
2024-06-10,2815125.0,2721439.195005619,62933.71546618406,30752.089528196957
2024-06-11,2487316.0,2728716.142258352,-240938.94231517022,-461.19994318205863
2024-06-12,2599257.0,2737087.69032387,-109711.39639787753,-28119.29392599268
2024-06-13,2859994.0,2747008.331565331,119107.79195147018,-6122.123516801279
2024-06-14,2929467.0,2751939.522821336,143798.82222831057,33728.65495035332
2024-06-15,2617341.0,2755662.6287022694,-170726.78275582156,32405.154053552076
2024-06-16,2858844.0,2758603.621763584,204874.98340311335,-104634.60516669741
2024-06-17,2790851.0,2761551.815275072,38083.538642415406,-8784.353917487431
2024-06-18,2537934.0,2763791.937792128,-225502.7088841693,-355.2289079586044
2024-06-19,2686866.0,2764642.8418973014,-96409.53532327761,18632.693425976206
2024-06-20,2833516.0,2766715.7676043445,103687.36134689185,-36887.128951236606
2024-06-21,2873390.0,2771216.7767670806,134981.41255260236,-32808.18931968324
2024-06-22,2624783.0,2779435.578718547,-155934.98271217424,1282.4039936275221
2024-06-23,2996495.0,2786292.8566253735,215093.8135600642,-4891.670185437892
2024-06-24,2944001.0,2792715.0257009026,21768.703220728858,129517.27107836865
2024-06-25,2612478.0,2799342.139308852,-214579.76281468946,27715.623505837284
2024-06-26,2722125.0,2803433.4369112593,-94250.33882769178,12941.90191643266
2024-06-27,2921687.0,2803538.661118707,99259.12120226296,18889.217679029796
2024-06-28,2938292.0,2800856.087338669,119173.57390977131,18262.33875155961
2024-06-29,2648476.0,2796785.6323054293,-150159.98040739482,1850.3481019656174
2024-06-30,2835019.0,2791388.3445873545,219407.4401228212,-175776.78471017582
2024-07-01,2754690.0,2771332.4009831725,17507.75360021833,-34150.1545833908
2024-07-02,2537986.0,2771084.0037066643,-204237.70732231747,-28860.29638434667
2024-07-03,2786534.0,2767894.6596449586,-99787.17438352917,118426.51473857043
2024-07-04,2222431.0,2763252.017686305,106681.53697088876,-647502.5546571938
2024-07-05,2431240.0,2760689.7623406327,105534.40777539295,-434984.1701160255
2024-07-06,2617154.0,2762124.810362668,-152269.65881187978,7298.848449212033
2024-07-07,3013622.0,2759395.522578911,213291.53298149572,40934.94443959324
2024-07-08,2785721.0,2755726.795967082,32171.97979683462,-2177.775763916783
2024-07-09,2580105.0,2752225.4984395285,-204929.63341709823,32809.1349775698
2024-07-10,2627735.0,2749694.1542383754,-109275.29440534415,-12683.859833031427
2024-07-11,2839251.0,2747774.36125469,121841.70293835313,-30365.064193043392
2024-07-12,2829067.0,2745934.433065848,102386.54962416555,-19253.98269001348
2024-07-13,2583704.0,2745281.0012409603,-157130.5243268477,-4446.476914112456
2024-07-14,2937845.0,2745978.60477063,201142.21952836262,-9275.824298992753
2024-07-15,2860799.0,2748212.3242552257,60158.58633874426,52428.08940603025
2024-07-16,2536991.0,2754294.5061790436,-218978.50354828843,1674.9973692446947
2024-07-17,2641325.0,2757706.039761981,-108421.93579029196,-7959.103971689008
2024-07-18,2957170.0,2761514.3485660003,132206.2717261606,63449.379707838874
2024-07-19,2716304.0,2765662.945297662,99099.29267171695,-148458.23796937894
2024-07-20,2606097.0,2769167.873632576,-159075.54839003945,-3995.325242536608
2024-07-21,2909267.0,2770945.6758650867,179943.10787181943,-41621.783736906014
2024-07-22,2864584.0,2771244.8898758134,76541.1443132171,16797.965810969472
2024-07-23,2603647.0,2770185.191436501,-241563.24452406002,75025.0530875586
2024-07-24,2718954.0,2766955.7868302963,-104117.33187213536,56115.54504183913
2024-07-25,2924478.0,2762657.8097422426,151109.95507439994,10710.235183357727
2024-07-26,2877017.0,2752413.4913493423,105142.33653082408,19461.17211983353
2024-07-27,2582953.0,2745336.0248569143,-159107.6628351911,-3275.3620217232965
2024-07-28,2922306.0,2737835.965349339,184858.65757574057,-388.62292507942766
2024-07-29,2795317.0,2730985.574923496,80305.78805393724,-15974.362977433484
2024-07-30,2437121.0,2724826.0491017983,-266822.79137405334,-20882.25772774499
2024-07-31,2618705.0,2719330.0388573217,-110717.84829086383,10092.809433542192
2024-08-01,2871907.0,2714614.7767790267,158182.9012581834,-890.6780372103676
2024-08-02,2803445.0,2707803.382633874,114530.97786949475,-18889.36050336901
2024-08-03,2555713.0,2702203.440637133,-163179.24114823376,16688.800511100795
2024-08-04,2800099.0,2695182.188841536,204650.3438797546,-99733.53272129083
2024-08-05,2701321.0,2687535.2505581845,90916.15473796362,-77130.40529614827
2024-08-06,2413736.0,2679306.5876681698,-284906.24050541566,19335.652837245725
2024-08-07,2555693.0,2670746.944143876,-136780.97989284547,21727.035748969298
2024-08-08,2808911.0,2651842.454999536,157399.5312986543,-330.98629818996415
2024-08-09,2756793.0,2640032.5717617287,131799.83627561593,-15039.40803734446
2024-08-10,2475459.0,2628327.483165233,-183669.17059486138,30800.687429628335
2024-08-11,2850074.0,2614999.351404827,226245.52697047326,8829.121624699794
2024-08-12,2705415.0,2602828.1668578186,108526.55783795852,-5939.724695777055
2024-08-13,2266346.0,2592620.4588115234,-287660.22563975083,-38614.23317177268
2024-08-14,2380580.0,2583326.7413553675,-176708.8982843577,-26037.843071009964
2024-08-15,2732713.0,2574217.7879535337,178210.35914133393,-19715.147094867658
2024-08-16,2748819.0,2565613.9396154047,150615.8123277371,32589.248056858312
2024-08-17,2344279.0,2558082.752266608,-223399.76672620344,9596.014459595084
2024-08-18,2796821.0,2551626.319277191,235021.99299017797,10172.687732630875
2024-08-19,2686909.0,2543355.99907385,142628.5052225933,924.4957035565749
2024-08-20,2252171.0,2528640.498472386,-287675.9421038049,11206.44363141898
2024-08-21,2310258.0,2520910.2422249224,-215632.85804535868,4980.615820436273
2024-08-22,2654402.0,2509418.376678334,219553.8092043673,-74570.18588270154
2024-08-23,2660166.0,2497565.731024438,174013.84508155516,-11413.576105993241
2024-08-24,2185822.0,2479616.4951622123,-267393.68766694656,-26400.807495265733
2024-08-25,2702492.0,2473925.8088950976,256963.3184882137,-28397.12738331128
2024-08-26,2463227.0,2469765.079854129,131210.56171052047,-137748.64156464953
2024-08-27,1980342.0,2467932.248855229,-320279.2441102869,-167311.0047449423
2024-08-28,2221120.0,2468816.726073538,-237059.76446321784,-10636.961610320024
2024-08-29,2746266.0,2468891.420360919,249679.5702102841,27695.009428796824
2024-08-30,2913547.0,2471513.4112180504,204089.5106554375,237944.078126512
2024-08-31,2163592.0,2473825.567756585,-306808.3224681724,-3425.2452884125523
2024-09-01,2219496.0,2472848.4721426973,281155.8454382872,-534508.3175809844
2024-09-02,2748226.0,2417828.4709963733,132941.3998061456,197456.1291974811
2024-09-03,2272637.0,2402046.498699884,-345917.35159826436,216507.85289838025
2024-09-04,1965339.0,2389268.7706713113,-234414.75397013724,-189515.01670117397
2024-09-05,2277401.0,2369910.1923019886,273304.0237131273,-365813.21601511585
2024-09-06,2404754.0,2324350.0799608203,227278.30802758,-146874.38798840018
2024-09-07,1944006.0,2326189.481246051,-330877.48818491434,-51305.993061136454
2024-09-08,2635080.0,2332227.4778362517,309235.25132681074,-6382.729163062293
2024-09-09,2447809.0,2339665.8319229274,119138.8533472058,-10995.685270133428
2024-09-10,1947530.0,2348629.612865095,-390563.96134722565,-10535.651517869439
2024-09-11,1999757.0,2353286.8528484586,-234627.1479853849,-118902.70486307377
2024-09-12,2630964.0,2367627.084222233,271374.1538704974,-8037.2380927302875
2024-09-13,2629323.0,2381595.968482108,252148.50220193306,-4421.4706840408035
2024-09-14,2039797.0,2395226.3724156506,-347844.4068921421,-7584.965523508377
2024-09-15,2751418.0,2412968.4251849176,332653.8281775416,5795.746637540869
2024-09-16,2568141.0,2424646.8709981428,133432.1309593974,10061.998042460065
2024-09-17,2047363.0,2435885.0501912637,-397223.21884353086,8701.168652267195
2024-09-18,2204592.0,2447349.1071335054,-233670.83873785214,-9086.26839565346
2024-09-19,2720369.0,2456711.099299544,254685.07589590023,8972.824804555625
2024-09-20,2746884.0,2464180.7270794674,260029.95673735673,22673.31618317589
2024-09-21,2113564.0,2468927.6773128677,-351403.15750472766,-3960.5198081401177
2024-09-22,2834755.0,2472610.6573576787,342228.0359598595,19916.306682461873
2024-09-23,2624958.0,2473790.66869246,142929.06588804783,8238.265419492498
2024-09-24,2063662.0,2466803.665091477,-403405.92004867474,264.2549571976997
2024-09-25,2245707.0,2457625.6998035195,-240492.00205067184,28573.302247152198
2024-09-26,2550227.0,2448445.069076669,236275.9257282237,-134493.9948048927
2024-09-27,2584954.0,2439534.3549968647,258109.4779484185,-112689.83294528304
2024-09-28,2090971.0,2430815.257026439,-343509.6901958976,3665.433169458527
2024-09-29,2744939.0,2422253.4793557944,352657.68788421905,-29972.16724001337
2024-09-30,2544480.0,2413098.683880641,152469.494774848,-21088.178655489348
2024-10-01,1999352.0,2414213.480590729,-411853.8628119994,-3007.6177787296474
2024-10-02,2151683.0,2419535.798125304,-237490.39490155136,-30362.40322375251
2024-10-03,2640399.0,2426410.3317834255,221594.33663455377,-7605.6684179794975
2024-10-04,2668729.0,2435459.1367302435,254109.25481330423,-20839.391543547623
2024-10-05,2107910.0,2444487.3023416633,-337204.1892647898,626.8869231264107
2024-10-06,2830443.0,2456644.8324471614,358040.6281903373,15757.539362501353
2024-10-07,2650717.0,2473305.79186655,158772.04527587804,18639.162857571617
2024-10-08,2092902.0,2509102.315433157,-407386.6846921978,-8813.630740959197
2024-10-09,2104384.0,2527748.7472605756,-236436.48395592874,-186928.26330464706
2024-10-10,2515514.0,2545224.9616808924,211155.88633842248,-240866.84801931493
2024-10-11,2840414.0,2560037.1701571206,246736.67902103506,33640.15082184458
2024-10-12,2245955.0,2571774.185577035,-334165.48872983555,8346.303152800538
2024-10-13,2759322.0,2582113.5372182396,357631.4075296748,-180422.94474791456
2024-10-14,2753893.0,2588441.778832443,152727.90829858824,12723.312868968584
2024-10-15,2331229.0,2588400.781828492,-394735.2656870767,137563.4838585849
2024-10-16,2380635.0,2586699.1085354923,-235563.0394426154,29498.930907123256
2024-10-17,2790733.0,2582368.5984643893,213928.1480366494,-5563.746501038782
2024-10-18,2810221.0,2576235.7039033095,251514.52227833838,-17529.22618164774
2024-10-19,2244829.0,2569163.595277039,-337872.05737783044,13537.462100791745
2024-10-20,2934025.0,2558435.50233851,350398.25704332796,25191.240618161857
2024-10-21,2756016.0,2546972.766918935,131470.47699212783,77572.75608893717
2024-10-22,2162389.0,2535290.770982282,-373427.0835970582,525.3126147766598
2024-10-23,2283293.0,2523455.5790811344,-230996.87249818398,-9165.706582950428
2024-10-24,2734510.0,2507641.205483254,221260.28049904463,5608.514017701149
2024-10-25,2757296.0,2495864.677802999,261765.05106786918,-333.7288708682172
2024-10-26,2138621.0,2485769.2536104736,-341003.5707004541,-6144.682910019532
2024-10-27,2797199.0,2476426.7149985433,334445.1207153058,-13672.835713848937
2024-10-28,2571459.0,2463518.160369104,104327.36502958766,3613.4746013083495
2024-10-29,1956344.0,2426446.460243451,-342971.90452128684,-127130.55572216399
2024-10-30,2160195.0,2407984.8758180635,-242007.6964174716,-5782.179400592111
2024-10-31,2161429.0,2390964.8839087505,224282.44809632096,-453818.33200507145
2024-11-01,2565724.0,2378333.8156051906,272625.99508809677,-85235.81069328729
2024-11-02,1997801.0,2368504.1326010027,-335249.0639505907,-35454.06865041191
2024-11-03,2646807.0,2359961.386486655,308694.07804132125,-21848.464527976234
2024-11-04,2403233.0,2360515.435889979,82051.3150420346,-39333.750932013616
2024-11-05,1910059.0,2362889.891293487,-319090.8058852114,-133740.08540827548
2024-11-06,2106444.0,2366773.741020222,-268076.0669409489,7746.325920726638
2024-11-07,2597660.0,2372274.075327963,205623.77864500796,19762.146027029026
2024-11-08,2662635.0,2378181.3708069744,266912.0963630741,17541.532829951495
2024-11-09,2112678.0,2383375.1933035674,-203951.14341285243,-66746.0498907147
2024-11-10,2660472.0,2386893.9069150756,275059.53044319816,-1481.437358273659
2024-11-11,2697567.0,2388915.28990143,59820.27153864251,248831.4385599275
2024-11-12,2085620.0,2390976.68257314,-302433.3243655245,-2923.358207615558
2024-11-13,2088739.0,2394262.6838825173,-306345.6812251037,821.9973425865173
2024-11-14,2561968.0,2397176.9760492956,170780.07487150695,-5989.050920802634
2024-11-15,2636505.0,2399930.433347808,237056.47121369123,-481.90456149959937
2024-11-16,1949769.0,2404134.4240758917,-95435.73943711164,-358929.6846387801
2024-11-17,2663030.0,2408239.9352413206,244264.1435338879,10525.921224791557
2024-11-18,2455375.0,2413416.450806213,43594.79484828435,-1636.2456544972956
2024-11-19,1885832.0,2419235.8411988732,-254035.79581756177,-279368.0453813113
2024-11-20,2070826.0,2425369.2138084266,-324441.51828253706,-30101.69552588975
2024-11-21,2550762.0,2431601.991811727,111924.48366541548,7235.524522857275
2024-11-22,2754798.0,2437032.421211613,183517.98061292045,134247.59817546653
2024-11-23,2493313.0,2441564.0356564615,43445.074524993484,8303.889818544965
2024-11-24,2659301.0,2445988.0877556005,211965.9231321028,1346.9891122966073
2024-11-25,2506373.0,2450121.6255517947,33183.510475448544,23067.86397275701
2024-11-26,2694504.0,2454301.6540763164,-200349.37600015308,440551.7219238365
2024-11-27,2726845.0,2456580.4592047604,-324782.76507728547,595047.3058725251
2024-11-28,1551896.0,2446940.9644342586,66281.32817270521,-961326.2926069638
2024-11-29,2377911.0,2444167.4774769354,154159.4238298203,-220415.90130675584
2024-11-30,2811101.0,2442241.4408682766,49585.021049786934,319274.53808193654
2024-12-01,3088836.0,2423623.0644353544,191632.23196800373,473580.7035966418
2024-12-02,2829000.0,2422212.09606391,20411.61380542932,386376.2901306604
2024-12-03,2283750.0,2422175.335467308,-140058.00019180277,1632.6647244947962
2024-12-04,2120703.0,2421991.1821163096,-313175.5975853136,11887.415469003841
2024-12-05,2443620.0,2421943.5298602744,42404.860180685435,-20728.390040959697
2024-12-06,2522641.0,2422599.3572580684,96442.60328095056,3599.0394609812647
2024-12-07,2012382.0,2424647.6213678475,96226.336454223,-508491.95782207046
2024-12-08,2603322.0,2433712.8343929006,173034.66006034435,-3425.4944532448426
2024-12-09,2438070.0,2443565.9717800743,39240.921261210504,-44736.893041284755
2024-12-10,2013749.0,2446352.877470893,-148998.5282474579,-283605.3492234349
2024-12-11,2148651.0,2454843.512014975,-302707.40113072103,-3485.110884253867
2024-12-12,2588225.0,2465220.6833338053,18086.917492002358,104917.39917419245
2024-12-13,2655019.0,2511053.211389187,131497.44690673484,12468.341704078484
2024-12-14,2146894.0,2530412.797908993,150104.01554697918,-533622.8134559721
2024-12-15,2599354.0,2550554.742216777,167626.74941481193,-118827.4916315889
2024-12-16,2401238.0,2569034.6416339935,53201.45419890638,-220998.09583289968
2024-12-17,2122028.0,2586716.1511061024,-262756.339174643,-201931.81193145923
2024-12-18,2351328.0,2613999.799808385,-276507.64634853374,13835.846540148836
2024-12-19,2651437.0,2619881.063057323,41721.79963843426,-10165.8626957573
2024-12-20,2845856.0,2621586.377484505,101018.40995440847,123251.21256108629
2024-12-21,2773545.0,2622505.4717607345,147633.31969227045,3406.2085469951853
2024-12-22,2800962.0,2623762.949626312,188990.1061834518,-11791.055809763726
2024-12-23,2758299.0,2624894.966347415,124341.44702403831,9062.586628546473
2024-12-24,2068817.0,2625300.4961585114,-356132.7744714494,-200350.72168706218
2024-12-25,2039342.0,2621578.3582661077,-245491.9020640487,-336744.45620205905
2024-12-26,2743795.0,2614486.599105356,68760.52556373956,60547.8753309045
2024-12-27,2848156.0,2606962.3124413975,90904.50652341532,150289.1810351871
2024-12-28,2741872.0,2602016.8393866364,115698.0850909528,24157.075522410683
2024-12-29,2805401.0,2564807.575117795,217779.37662252822,22814.0482596769
2024-12-30,2765740.0,2550908.4286053637,93705.4627074702,121126.10868716612
2024-12-31,2172902.0,2539731.488592967,-369622.9844171143,2793.4958241474815
2025-01-01,2317817.0,2527998.1890739594,-217276.81814632486,7095.629072365351
2025-01-02,2612162.0,2511181.2097132686,108719.82218499592,-7739.0318982643075
2025-01-03,2563751.0,2491474.192828056,74323.80755656764,-2047.0003846236505
2025-01-04,2543303.0,2473479.1156558283,64000.260292944375,5823.624051227234
2025-01-05,2579257.0,2457224.437552338,250442.89563975282,-128410.33319209097
2025-01-06,2222167.0,2432940.5048717703,61325.81338981425,-272099.31826158473
2025-01-07,1915448.0,2301212.60051477,-377043.5481669253,-8721.052347844932
2025-01-08,1885768.0,2257072.0088318107,-198268.63231607867,-173035.3765157319
2025-01-09,2033464.0,2212713.952176815,126623.83711174552,-305873.7892885604
2025-01-10,2000526.0,2165564.2059473465,138619.51309960213,-303657.7190469487
2025-01-11,1858186.0,2076948.186541999,-7613.077664683095,-211149.10887731588
2025-01-12,2322779.0,2057074.3397374442,272795.3444229205,-7090.684160364792
2025-01-13,2063978.0,2043498.3978877796,26377.40860357771,-5897.806491357274
2025-01-14,1651244.0,2039668.5878585882,-384707.79893210926,-3716.788926478941
2025-01-15,1844782.0,2038786.0222884298,-196849.19961114743,2845.1773227176163
2025-01-16,2369562.0,2037863.258418568,146773.4542037334,184925.2873776988
2025-01-17,2526699.0,2036162.881696028,191419.776807737,299116.341496235
2025-01-18,1939355.0,2024769.1365018066,-89684.25366062493,4270.1171588182915
2025-01-19,2113340.0,2019872.0567490163,283583.03501330497,-190115.0917623213
2025-01-20,2467069.0,2015485.7096694275,48690.94346891347,402892.3468616591
2025-01-21,1758401.0,2011002.0949747635,-394175.8072079929,141574.7122332293
2025-01-22,1710944.0,2006286.0797270515,-205297.4101070051,-90044.66962004639
2025-01-23,2158274.0,2000581.1931328666,165293.9981387768,-7601.191271643387
2025-01-24,2257772.0,2000389.814593429,254031.26265451,3350.9227520609275
2025-01-25,1785853.0,2001851.488750653,-168363.43264395336,-47635.05610669986
2025-01-26,2302281.0,2003900.73787274,293876.78607929277,4503.476047967328
2025-01-27,2088851.0,2006292.6456968882,66367.51457208702,16190.839731024811
2025-01-28,1599434.0,2008618.569537867,-394247.08932291594,-14937.480214951094
2025-01-29,1792651.0,2011896.4916895684,-207811.55256202593,-11433.939127542544
2025-01-30,2219044.0,2015188.6614620837,175630.02048042067,28225.318057495635
2025-01-31,2273071.0,2018301.1690840959,260536.1793980563,-5766.348482152214
2025-02-01,1791123.0,2021364.8653893275,-226649.78876330747,-3592.076626020018
2025-02-02,2331440.0,2025356.3151094615,307147.5622687487,-1063.8773782101925
2025-02-03,2102830.0,2029757.3524795247,74088.7534207609,-1016.1059002855327
2025-02-04,1649904.0,2033254.5290459732,-385496.054758131,2145.5257121578325
2025-02-05,1821551.0,2036885.8417061702,-200380.92136978582,-14953.920336384326
2025-02-06,2211186.0,2043999.3890405374,172850.84921074953,-5664.2382512870245
2025-02-07,2338385.0,2070198.2159138797,257045.8397467299,11140.944339390378
2025-02-08,1828477.0,2087825.4218064412,-215599.27994673862,-43749.14185970253
2025-02-09,2186024.0,2106739.303776335,291649.76381789666,-212365.06759423157
2025-02-10,2323951.0,2127217.865024508,73527.39483348525,123205.74014200689
2025-02-11,1753906.0,2119707.424667195,-385937.31905137596,20135.894384181127
2025-02-12,1990225.0,2137310.806543568,-192518.13939006496,45432.33284649672
2025-02-13,2563360.0,2155874.303413845,172043.43080899262,235442.26577716228
2025-02-14,2626024.0,2210504.8480845615,257875.0199261826,157644.131989256
2025-02-15,2160974.0,2226209.381365377,-198709.83066885412,133474.44930347707
2025-02-16,2394991.0,2242071.3906051577,282387.22149609914,-129467.61210125685
2025-02-17,2721332.0,2261571.382861219,65752.8987644855,394007.7183742956
2025-02-18,2243788.0,2307302.160756844,-400716.5996396224,337202.4388827784
2025-02-19,2122519.0,2312509.212281341,-192158.25152317178,2168.0392418303527
2025-02-20,2466484.0,2315846.4297431875,180757.58985360508,-30120.019596792758
2025-02-21,2553110.0,2318464.9781614314,260869.1077919101,-26224.08595334133
2025-02-22,2162478.0,2321249.376185448,-176675.91920431692,17904.543018869124
2025-02-23,2594617.0,2324838.4210404376,270562.54265390185,-783.9636943396181
2025-02-24,2399600.0,2328760.384174735,64664.12558180822,6175.490243456792
2025-02-25,1917007.0,2333338.9681306863,-418694.39524266706,2362.4271119805053
2025-02-26,2124463.0,2335459.567854026,-197644.64378318746,-13351.924070838373
2025-02-27,2579759.0,2335764.00083085,193364.4085854734,50630.59058367647
2025-02-28,2630825.0,2335451.4765355424,262638.57081972953,32734.952644728124
2025-03-01,2158850.0,2336344.4220854174,-150205.53224773964,-27288.88983767759
2025-03-02,2599903.0,2338838.947131538,260422.98300132438,641.0698671378195
2025-03-03,2366161.0,2342937.058340395,40911.35084610819,-17687.40918650292
2025-03-04,1875355.0,2348792.527262639,-434251.1498078179,-39186.37745482102
2025-03-05,2136554.0,2357110.538281825,-195049.56464820608,-25506.973633619025
2025-03-06,2576928.0,2368473.2525436166,210087.4891745927,-1632.7417182093486
2025-03-07,2643053.0,2382870.6871456546,260534.36682805305,-352.0539737078361
2025-03-08,2281542.0,2399764.515767976,-130365.60007255593,12143.084304579534
2025-03-09,2663677.0,2418003.410000113,253746.82888287745,-8073.238882990088
2025-03-10,2463857.0,2433445.439831186,36502.64993053729,-6091.089761723299
2025-03-11,2027490.0,2448664.3683387516,-428284.97492540546,7110.606586653739
2025-03-12,2297329.0,2462909.2420551386,-186908.30437352826,21328.06231838977
2025-03-13,2708449.0,2476571.707209979,210177.56107135754,21699.731718663126
2025-03-14,2767748.0,2492362.7214140645,243330.55632725405,32054.72225868143
2025-03-15,2487259.0,2522433.366785452,-142850.0389230016,107675.67213754961
2025-03-16,2789837.0,2533249.3182954676,251909.09823513386,4678.58346939832
2025-03-17,2699013.0,2543059.541618531,46982.14642426993,108971.31195719913
2025-03-18,2270253.0,2551236.559963032,-409024.43940094806,128040.87943791598
2025-03-19,2408377.0,2557536.965819404,-176551.624272976,27391.658453572076
2025-03-20,2768538.0,2561539.056483445,199201.4361478631,7797.507368691731
2025-03-21,2771173.0,2560463.458518164,224408.164187719,-13698.622705883346
2025-03-22,2501942.0,2555877.885245605,-152167.07721491033,98231.19196930528
2025-03-23,2832539.0,2552606.7171982126,251720.43185753757,28211.85094424989
2025-03-24,2617185.0,2544668.1409231676,61608.65425105613,10908.204825776163
2025-03-25,2153871.0,2536527.2450654907,-395063.2170234964,12406.9719580058
2025-03-26,2339528.0,2524855.5914762416,-176007.44080391404,-9320.150672327727
2025-03-27,2703280.0,2517606.0260293516,193372.16430716886,-7698.190336520318
2025-03-28,2715766.0,2510508.707868191,212302.80978941562,-7045.517657606397
2025-03-29,2348454.0,2501677.1208603675,-162736.62496388255,9513.504103514832
2025-03-30,2700604.0,2481789.4433418834,255144.56022069862,-36330.00356258219
2025-03-31,2555126.0,2473467.5480977073,71410.29540464723,10248.156497645658
2025-04-01,2181917.0,2467590.220053399,-385183.9530460025,99510.73299260344
2025-04-02,2179265.0,2462940.890979458,-172286.2179758611,-111389.67300359719
2025-04-03,2619950.0,2458772.8588362057,200981.80449938486,-39804.66333559062
2025-04-04,2657802.0,2455350.024990544,214510.29341914316,-12058.318409687374
2025-04-05,2240401.0,2458310.5103581776,-200747.48404259697,-17162.026315580588
2025-04-06,2735362.0,2462520.4079764592,256121.7054308895,16719.88659265125
2025-04-07,2532641.0,2468453.1911785575,72301.96036360435,-8114.151542161591
2025-04-08,2087676.0,2474689.4962928887,-381257.08114887273,-5756.415144016035
2025-04-09,2302933.0,2481005.0610088003,-164668.88670005326,-13403.174308747053
2025-04-10,2720572.0,2485759.109453016,217025.1393620539,17787.751184930094
2025-04-11,2743057.0,2490175.214132717,218635.8953245204,34245.89054276282
2025-04-12,2271278.0,2494205.0439226753,-243233.79549011367,20306.751567438245
2025-04-13,2747565.0,2495704.062706682,273706.46364477323,-21845.526351455133
2025-04-14,2565091.0,2495058.0582385235,78100.92765801637,-8067.985896539874
2025-04-15,2114573.0,2491908.725063235,-387620.61126125325,10284.886198018212
2025-04-16,2359864.0,2487593.743040454,-160449.83490955815,32720.091869104188
2025-04-17,2821542.0,2483929.3639096096,235850.7478460844,101761.88824430574
2025-04-18,2658132.0,2477820.8469755184,221328.55367148013,-41017.40064699855
2025-04-19,2156119.0,2483860.5236478834,-280538.0392738872,-47203.4843739965
2025-04-20,2591393.0,2486197.369236854,288343.17330825113,-183147.54254510486
2025-04-21,2783476.0,2485603.9630545913,89803.27053599655,208068.76640941203
2025-04-22,2266040.0,2488214.7617838113,-390749.5224786937,168574.76069488237
2025-04-23,2343680.0,2508502.819353725,-163254.81857061095,-1568.0007831137627
2025-04-24,2757877.0,2510878.2929292554,252322.5215050797,-5323.814434335101
2025-04-25,2766258.0,2508809.507623376,217098.2594074763,40350.23296914762
2025-04-26,2203462.0,2504711.469216934,-317667.64110607584,16418.171889141668
2025-04-27,2829787.0,2499683.9069054206,302873.80557992164,27229.287514657713
2025-04-28,2601001.0,2494132.4940558854,106001.80441441396,866.7015297007747
2025-04-29,2067463.0,2486312.7250893563,-390832.11110451916,-28017.613984837197
2025-04-30,2300084.0,2478437.4404269774,-172218.06001116303,-6135.380415814463
2025-05-01,2744098.0,2471995.739737628,258230.50518320414,13871.755079167895
2025-05-02,2659193.0,2468056.424928305,218386.93328423685,-27250.358212542254
2025-05-03,2102342.0,2466333.912851039,-336933.847609907,-27058.06524113193
2025-05-04,2762463.0,2466486.9266440966,308270.6277073712,-12294.55435146764
2025-05-05,2588956.0,2467742.9790675966,120542.32416715998,670.6967652435414
2025-05-06,2106907.0,2469616.659790748,-390633.6950930178,27924.035302270204
2025-05-07,2288927.0,2473602.121330515,-181126.36622709493,-3548.7551034200005
2025-05-08,2730456.0,2479738.6562566515,260363.20963452387,-9645.865891175345
2025-05-09,2711847.0,2490571.025873688,217894.50919194956,3381.4649343625642
2025-05-10,2125020.0,2500799.3150350344,-337480.8585618506,-38298.45647318382
2025-05-11,2646042.0,2513342.4374636477,294633.7566910648,-161934.19415471237
2025-05-12,2657759.0,2528207.8761510304,128644.06852423356,907.0553247360513
2025-05-13,2131356.0,2544927.830640462,-374245.0546053964,-39326.77603506576
2025-05-14,2366860.0,2563095.026690732,-182081.57849355583,-14153.448197176214
2025-05-15,2847916.0,2592449.7674633395,263051.4274311397,-7585.194894479122
2025-05-16,2834508.0,2609529.7928963182,204049.42790974083,20928.779193941038
2025-05-17,2311326.0,2625566.13400474,-321001.26480322826,6761.13079848839
2025-05-18,2929839.0,2640984.8440870126,285721.0848888535,3133.071024133824
2025-05-19,2793452.0,2654386.9812992774,121558.62268537356,17506.396015348844
2025-05-20,2321388.0,2664913.7912349533,-365307.7182574383,21781.927022485062
2025-05-21,2510246.0,2672761.648192289,-186735.13408651072,24219.485894221812
2025-05-22,2960413.0,2678800.547271208,254042.9156343836,27569.537094408646
2025-05-23,3010183.0,2683786.800757473,187802.9403228835,138593.2589196437
2025-05-24,2389262.0,2684717.2046400094,-282733.79840620083,-12721.406233808491
2025-05-25,2456295.0,2642470.70673743,282133.72195479105,-468309.4286922207
2025-05-26,2863596.0,2626483.663601444,106663.91340619542,130448.42299236031
2025-05-27,2509320.0,2613642.606908238,-351056.20495387015,246733.59804563224
2025-05-28,2325817.0,2598325.4807809656,-188859.63400726,-83648.84677370545
2025-05-29,2626367.0,2557786.1646128376,238561.76713958618,-169980.93175242376
2025-05-30,2698137.0,2550195.8114551213,170585.20487285109,-22644.016327972524
2025-05-31,2352801.0,2551011.882994372,-250825.01260868378,52614.129614311736
2025-06-01,2825055.0,2555708.3999999897,280837.6519054356,-11491.051905425265
2025-06-02,2642700.0,2562326.229544018,97888.3941386507,-17514.623682668433
2025-06-03,2213336.0,2570080.2019113298,-334646.62114834576,-22097.580762983765
2025-06-04,2364375.0,2578251.25053535,-192273.31116632558,-21602.939369024243
2025-06-05,2798927.0,2588542.5902976324,218937.8295051296,-8553.419802762102
2025-06-06,2766521.0,2606030.1333821025,153758.4119597915,6732.454658105969
2025-06-07,2395746.0,2622987.0674779234,-222167.28704597102,-5073.7804319523275
2025-06-08,2927145.0,2640397.0938027613,283318.27580586314,3429.6303913756274
2025-06-09,2833198.0,2657651.9783109943,94467.84855294242,81078.17313606339
2025-06-10,2363770.0,2674145.9534176085,-323202.99281116435,12827.039393555839
2025-06-11,2504337.0,2689005.7586645572,-194915.54533295546,10246.786668398418
2025-06-12,2887798.0,2701574.2822381593,194114.76340229332,-7891.045640452765
2025-06-13,2871959.0,2713177.7591782766,139690.479238777,19090.761582946405
2025-06-14,2517202.0,2723541.4208066477,-205639.08558178807,-700.3352248598821
2025-06-15,2888821.0,2738471.878391515,287082.99308427173,-136733.8714757869
2025-06-16,2844254.0,2749156.8174246405,110383.74630866821,-15286.563733308576
2025-06-17,2455696.0,2759717.598653258,-310290.5122120435,6268.913558785804
2025-06-18,2705355.0,2770273.7636951897,-191675.62123994363,126756.8575447537
2025-06-19,2980935.0,2780492.2614754057,169653.9866246864,30788.75189990783
2025-06-20,2891240.0,2790226.4537187847,124282.21248523136,-23268.66620401619
2025-06-21,2614464.0,2800286.181921146,-193441.41463943655,7619.232718290761
2025-06-22,3096797.0,2804444.341261723,283926.1503056345,8426.508432642557
2025-06-23,2953905.0,2806879.202983262,125693.57135477659,21332.22566196136
2025-06-24,2508733.0,2808413.442441116,-303680.0702656588,3999.6278245425783
2025-06-25,2620696.0,2809861.5998720364,-194388.62061158114,5223.020739544649
2025-06-26,2931282.0,2810557.637559848,150757.2127602002,-30032.850320048165
2025-06-27,2988614.0,2809106.9120917637,123175.14531882947,56331.942589406855
2025-06-28,2624407.0,2805310.9267747626,-184167.4483223232,3263.52154756058
2025-06-29,2959224.0,2794730.750321823,276798.2591069769,-112305.00942880008
2025-06-30,2780012.0,2791448.054122253,130341.47229309037,-141777.5264153434
2025-07-01,2402675.0,2789559.7218420133,-295035.144022989,-91849.57781902421
2025-07-02,2718537.0,2787731.751238225,-195229.15881766923,126034.40757944435
2025-07-03,2923234.0,2783175.4544897834,142989.52632071637,-2930.98081049975
2025-07-04,2162755.0,2779220.8131439323,130152.9201239029,-746618.7332678351
2025-07-05,2457591.0,2776309.5204217886,-180001.10501397625,-138717.41540781222
2025-07-06,3041954.0,2772675.8019373193,263775.301485741,5502.896576939616
2025-07-07,2917942.0,2769077.7065256773,127427.31714622315,21436.976328099612
2025-07-08,2488332.0,2765984.305844608,-304520.1965165252,26867.89067191677
2025-07-09,2554687.0,2763418.7018907145,-189983.1754387413,-18748.526451973245
2025-07-10,2873682.0,2761408.7790411166,155160.4192008053,-42887.19824192207
2025-07-11,2885953.0,2760403.7577242674,140448.73302662588,-14899.490750893485
2025-07-12,2589889.0,2761504.4264146765,-176403.28499838282,4787.858583706431
2025-07-13,3007773.0,2766721.29439466,250842.43189232497,-9790.72628698498
2025-07-14,2865292.0,2772417.767839375,114570.72219161656,-21696.49003099138
2025-07-15,2557900.0,2778188.169026608,-314031.43143862113,93743.26241201302
2025-07-16,2614183.0,2783044.2932892134,-187467.63192318144,18606.33863396803
2025-07-17,2998225.0,2787331.1903813533,168295.2901926995,42598.51942594722
2025-07-18,2962082.0,2791843.4775260594,156295.6971943147,13942.825279626064
2025-07-19,2603307.0,2795542.956629519,-166151.24140196035,-26084.715227558743
2025-07-20,3043973.0,2796611.603605845,238302.57643649395,9058.819957660977
2025-07-21,2886647.0,2796596.8074466432,110096.37170560288,-20046.1791522461
2025-07-22,2452271.0,2796321.984056219,-336798.283943667,-7252.700112551916
2025-07-23,2630151.0,2796757.4110303796,-194971.69334174448,28365.28231136501
2025-07-24,2968866.0,2797790.360183477,182684.6072557811,-11608.967439258005
2025-07-25,2970569.0,2798722.8613889064,176073.12705500523,-4226.988443911541
2025-07-26,2670276.0,2799211.5834284625,-164167.654873901,35232.071445438545
2025-07-27,3017861.0,2799683.42882071,240327.3724215979,-22149.801242308225
2025-07-28,2929749.0,2799431.8078849665,114405.71175546378,15911.480359569658
2025-07-29,2438933.0,2796786.5181419724,-353230.44214975927,-4623.0759922130965
2025-07-30,2574917.0,2787884.9025633903,-216493.75796050671,3525.855397116393
2025-07-31,2882829.0,2778741.3103082874,193305.89638832762,-89218.20669661509
2025-08-01,2999166.0,2768381.217771919,185040.37166200447,45744.410566076636
2025-08-02,2640741.0,2757676.4949446465,-172761.30267477848,55825.80773013178
2025-08-03,2983755.0,2746090.0163843045,259868.8866105206,-22203.90299482504
2025-08-04,2855684.0,2721901.3936202773,124705.1646167468,9077.441762975883
2025-08-05,2364019.0,2709297.2941916552,-359747.72480012977,14469.43060847465
2025-08-06,2447464.0,2698162.1249750056,-242689.1195200047,-8009.005455000792
2025-08-07,2893814.0,2686683.5013955254,202681.56740258314,4448.931201891508
2025-08-08,2854458.0,2674528.542776392,187391.8038910337,-7462.346667425707
2025-08-09,2462226.0,2661765.597589992,-191644.6561353129,-7894.9414546792395
2025-08-10,2960755.0,2650052.09079645,286123.06545798155,24579.8437455683
2025-08-11,2763999.0,2639297.4611084512,132121.97777809814,-7420.438886549324
2025-08-12,2256579.0,2629246.2095855637,-363630.2955050434,-9036.91408052016
2025-08-13,2331562.0,2619179.9484943547,-252763.99688926555,-34853.95160508901
2025-08-14,2835968.0,2608852.040548614,212142.73891667376,14973.220534712076
2025-08-15,2796277.0,2598288.1666542147,176865.22470131068,21123.608644474763
2025-08-16,2360294.0,2587624.2666538423,-214064.32852217578,-13265.938131666742
2025-08-17,2907660.0,2576871.508576511,312155.33303272026,18633.158390768804
2025-08-18,2705168.0,2566298.0350630586,140585.133290292,-1715.1683533503674
2025-08-19,2187411.0,2555953.8173603853,-366568.26169878157,-1974.5556616038084
2025-08-20,2294086.0,2545322.8742017457,-246466.25510986184,-4770.619091883767
2025-08-21,2731931.0,2535006.975845153,210964.7398225674,-14040.715667720418
2025-08-22,2667258.0,2524027.799714719,160722.31399794406,-17492.11371266283
2025-08-23,2185460.0,2512628.5847173487,-222558.52935178735,-104610.05536556151
2025-08-24,2786648.0,2488473.9980129767,324075.27735461516,-25901.275367591996
2025-08-25,2506611.0,2481138.8809234924,132765.23945683136,-107293.12038032385
2025-08-26,1950994.0,2473983.5362719493,-395977.96971228585,-127011.56655966351
2025-08-27,2229905.0,2467806.4693466127,-241883.8727678415,3982.4034212287515
2025-08-28,2833316.0,2465130.766396654,220326.21872481395,147859.01487853238
2025-08-29,2971455.0,2464091.8414373165,205210.93067238122,302152.2278903024
2025-08-30,2223191.0,2463567.627469765,-233948.22322988437,-6428.404239880852
2025-08-31,2343216.0,2462315.875608417,330651.96160640306,-449751.8372148203
2025-09-01,2836013.0,2455440.37526524,128472.6302900663,252099.99444469344
2025-09-02,2276201.0,2409650.76668581,-419489.2547740031,286039.48808819335
2025-09-03,1965954.0,2398015.062240097,-242898.4817178692,-189162.58052222803
2025-09-04,2305882.0,2384671.116009952,230511.2163917311,-309300.3324016831
2025-09-05,2427350.0,2342430.6034040237,235960.50060364552,-151041.10400766926
2025-09-06,1923040.0,2344288.716434656,-262578.612997767,-158670.10343688913
2025-09-07,2673762.0,2348726.391207243,345979.52777897555,-20943.918986218516
2025-09-08,2456693.0,2353050.1023422624,116648.73182776626,-13005.834170028567
2025-09-09,1896803.0,2359428.4341392335,-451763.5328131291,-10861.901326104533
2025-09-10,2107833.0,2369017.174705308,-249044.05472648167,-12140.119978826493
2025-09-11,2610925.0,2381829.1411339156,240740.02918846175,-11644.170322377235
2025-09-12,2669713.0,2399287.409938338,281839.62496179534,-11414.034900133498
2025-09-13,2020113.0,2416387.6619740566,-297513.9366753069,-98760.72529874975
2025-09-14,2810804.0,2433156.155007869,363017.2258615075,14630.619130623527
2025-09-15,2590221.0,2448113.7789858193,127103.07699171876,15004.144022461958
2025-09-16,2004769.0,2460369.669834108,-461941.8503101662,6341.1804760582745
2025-09-17,2219220.0,2469089.3734028065,-262074.51294605108,12205.139543244615
2025-09-18,2788191.0,2472786.861244064,258841.21854630756,56562.92020962853
2025-09-19,2788902.0,2472171.443978102,286747.4941570156,29983.061864882708
2025-09-20,2140805.0,2470526.7385321013,-333169.73369485827,3447.9951627571136
2025-09-21,2848945.0,2468460.7517274446,382087.2499054977,-1603.0016329423524
2025-09-22,2598440.0,2465304.325082924,137541.7686985162,-4406.093781440519
2025-09-23,1975026.0,2461013.034339149,-456243.9699333018,-29743.06440584734
2025-09-24,2165846.0,2456265.2934499737,-265018.6594000504,-25400.63404992316
2025-09-25,2739357.0,2452270.1270691254,256034.2679435028,31052.604987371713
2025-09-26,2741844.0,2449818.9306004983,272651.87049799657,19373.19890150521
2025-09-27,2083134.0,2448464.939625145,-360473.44634920766,-4857.493275937159
2025-09-28,2843311.0,2447625.4847227097,398331.3891707851,-2645.873893494718
2025-09-29,2577248.0,2447142.6449887753,154423.5102950575,-24318.155283832923
2025-09-30,2005123.0,2447676.307702377,-440335.26026950293,-2218.0474328738637
2025-10-01,2199312.0,2450645.282499569,-260239.10969201897,8905.827192449942
2025-10-02,2673111.0,2455039.4118375937,248419.5128074364,-30347.92464502994
2025-10-03,2697756.0,2461160.441614965,256215.24491191932,-19619.686526884325
2025-10-04,2091602.0,2467247.651139614,-369349.83814003307,-6295.812999580987
2025-10-05,2901606.0,2473175.520670522,397376.6541515513,31053.82517792657
2025-10-06,2686873.0,2479556.054296304,172131.32252255062,35185.62318114517
2025-10-07,2104449.0,2490176.245742187,-432454.35638184083,46727.1106396541
2025-10-08,2417075.0,2513337.920769268,-260185.80499538186,163922.88422611356
2025-10-09,2975982.0,2588026.9641640624,241030.01411324515,146925.02172269253
2025-10-10,3017612.0,2608302.7986742016,245331.36641673345,163977.83490906516
2025-10-11,2381106.0,2624042.5749440794,-370178.5793327035,127242.00438862434
2025-10-12,2951273.0,2647453.702768973,393050.11904743407,-89230.82181640714
2025-10-13,2874884.0,2666724.4735653293,189902.9114982687,18256.614936402068
2025-10-14,2413133.0,2658934.415128733,-427972.44956601795,182171.0344372848
2025-10-15,2438918.0,2649660.7617056994,-264781.89399417024,54039.132288470864
2025-10-16,2901650.0,2639309.7746963464,233185.04795750356,29155.177346149925
2025-10-17,2878950.0,2627756.9225906837,242612.63824847006,8580.439160846174
2025-10-18,2268485.0,2615566.779453737,-363722.68754386296,16640.90809012577
2025-10-19,2988255.0,2602632.4373404803,383460.7210397475,2161.841619772371
2025-10-20,2794820.0,2588768.8269021558,193232.14333103702,12819.029766807333
2025-10-21,2141971.0,2572079.3504509516,-406579.3937886469,-23528.9566623047
2025-10-22,2278249.0,2553204.9377972484,-274148.42882416147,-807.5089730867185
2025-10-23,2780271.0,2533833.348358789,216453.6179090592,29984.033732151613
2025-10-24,2773635.0,2518779.986762212,250646.53301265673,4208.480225131381
2025-10-25,2126979.0,2498445.575622893,-342053.6811769865,-29412.894445906393
2025-10-26,2859222.0,2477641.4847555994,369085.037224843,12495.478019557428
2025-10-27,2636402.0,2441773.0750750615,190019.21149207285,4609.713432865683
2025-10-28,1945466.0,2419079.8562006066,-367480.9483909048,-106132.90780970175
2025-10-29,2087383.0,2398040.8639886347,-294346.5754369022,-16311.288551732432
2025-10-30,2532054.0,2378298.322226457,184690.75713522194,-30935.079361678567
2025-10-31,2280607.0,2359088.984695756,211141.9241956279,-289623.9088913838
2025-11-01,2029708.0,2341834.526324504,-296657.4645324457,-15469.061792058405
2025-11-02,2678442.0,2332786.2773076245,346921.4940889054,-1265.7713965298608
2025-11-03,2492532.0,2326533.09789278,183099.53501981386,-17100.632912593894
2025-11-04,2015706.0,2321148.8330347715,-307877.3712635258,2434.53822875442
2025-11-05,2162311.0,2316828.2096773554,-306983.4546958926,152466.24501853716
2025-11-06,2704209.0,2316339.813711309,146372.8721304375,241496.31415825384
2025-11-07,2645578.0,2315696.6060635606,172442.2751502034,157439.1187862358
2025-11-08,2080116.0,2314826.7707275664,-190716.22687652492,-43994.5438510417
2025-11-09,2631788.0,2316328.567846025,303123.87646803004,12335.55568594532
2025-11-10,2488335.0,2317693.5064295996,168468.56396825178,2172.929602148477
2025-11-11,2054768.0,2319966.830848739,-263191.8795180061,-2006.9513307330199
2025-11-12,1996069.0,2322558.5729137543,-318526.2303899948,-7963.342523759697
2025-11-13,2434496.0,2325644.8460476017,110446.9901338901,-1595.8361814916134
2025-11-14,2456308.0,2331129.278567087,125612.47791830357,-433.7564853904769
2025-11-15,1902157.0,2348533.0843868824,-71929.75450766002,-374446.32987922244
2025-11-16,2604321.0,2359535.1825734777,250600.65612655252,-5814.838700030465
2025-11-17,2349327.0,2370266.56627446,154489.08649562293,-175428.65277008293
2025-11-18,1816617.0,2380321.4874478444,-243507.34016655842,-320197.14728128584
2025-11-19,2073637.0,2390427.8297733287,-320783.5742547522,3992.744481423404
2025-11-20,2493511.0,2405510.0386134647,77038.10554901279,10962.85583752254
2025-11-21,2792495.0,2410816.232690636,87103.55006689765,294575.2172424663
2025-11-22,2482593.0,2414281.9819213366,61519.80275901155,6791.215319651645
2025-11-23,2617142.0,2416177.496688156,201766.27687882326,-801.7735669789836
2025-11-24,2563877.0,2417757.9110760433,140112.96957589994,6006.119348056614
2025-11-25,2675261.0,2419345.29368258,-216515.1954685995,472430.90178601956
2025-11-26,2753036.0,2419996.02394365,-317945.8195525713,650985.7956089214
2025-11-27,1559165.0,2420084.4906099387,58844.511666292376,-919764.0022762311
2025-11-28,2392036.0,2420969.476100627,70990.95823318236,-99924.43433380919
2025-11-29,2696816.0,2421029.5777788796,67949.06696212605,207837.35525899427
2025-11-30,3134613.0,2418599.1114247935,172397.57926508813,543616.3093101182
2025-12-01,2893451.0,2417922.597534271,148327.52477913286,327200.877686596
2025-12-02,2233828.0,2418573.4217285956,-180967.7008020362,-3777.72092655953
2025-12-03,2125688.0,2419704.89627616,-314546.70017847134,20529.80390231125
2025-12-04,2437542.0,2421564.0204184083,49040.03786494398,-33062.05828335229
2025-12-05,2456311.0,2426221.1002402324,38118.149705315824,-8028.249945548363
2025-12-06,1987785.0,2442281.7263508723,91836.7808101697,-546333.507161042
2025-12-07,2597892.0,2458596.522735684,157290.7757952863,-17995.2985309707
2025-12-08,2470751.0,2475839.819064104,151422.6826925606,-156511.50175666437
2025-12-09,1977202.0,2495399.245283139,-175253.46797590455,-342943.77730723424
2025-12-10,2160994.0,2503136.259347422,-329001.545504153,-13140.713843269274
2025-12-11,2584914.0,2519882.3870313326,28296.701374394645,36734.91159427259
2025-12-12,2651654.0,2542234.0615179962,58026.52024356927,51393.418238434475
2025-12-13,2157148.0,2575219.4403812275,95758.27765477585,-513829.7180360034
2025-12-14,2586427.0,2591583.9657717505,132330.97715951255,-137487.94293126324
2025-12-15,2503757.0,2606497.2712089,134760.49126698187,-237500.76247588173
2025-12-16,2047653.0,2621843.782570822,-35650.48977420296,-538540.2927966192
2025-12-17,2271960.0,2644516.9368091626,-375900.3330137112,3343.3962045484222
2025-12-18,2637016.0,2649093.418190084,1262.8082769262764,-13340.2264670101
2025-12-19,2824905.0,2650663.6626170487,47932.74188751637,126308.59549543494
2025-12-20,2748731.0,2651588.5580117214,100611.6428105069,-3469.2008222281
2025-12-21,2769228.0,2653501.6351711657,113043.60451572457,2682.7603131099604
2025-12-22,2795090.0,2657954.7708026576,124653.72815534569,12481.501041996758
2025-12-23,2822653.0,2662776.7101601586,37963.69208742289,121912.59775241837
2025-12-24,2236205.0,2668297.9427712746,-410916.72819021525,-21176.214581059292
2025-12-25,2066118.0,2675629.332413217,-19658.346760111337,-589852.9856531057
2025-12-26,2716278.0,2683246.697818611,42645.731055772565,-9614.428874383215
2025-12-27,2804814.0,2690877.5539412685,111256.01368103712,2680.4323776941746
2025-12-28,2924593.0,2698649.0186629435,98819.33798315312,127124.6433539032
2025-12-29,2811757.0,2706596.1026751124,113966.36035710144,-8805.463032213971
2025-12-30,2827572.0,2714731.525732018,112921.96296581911,-81.48869783710688
2025-12-31,2291360.0,2723080.371542215,-444965.2965296633,13244.92498744838
